"Date","League","Team","Opp.","Venue","Phase","Coach","Opp. coach","OT/SO","PTS","Leading%","Tied%","Trailing%","TOI","GF","GA","G±","EQ TOI","EQ GF","EQ GA","EQ G±","PP OP","PP%","PP TOI","PP GF","PP GA","PP G±","SH SI","PK%","SH TOI","SH GF","SH GA","SH G±","SH%","SV%","PDO","CF","CA","CF%","FF","FA","FF%","SF","SA","SF%","SMF","SPF","SBF","SMA","SPA","SBA","FOW","FOL","FO%","# 0'","# 2'","# 5'","# 10'","# 20'","PIM","Spectators"
<a href='https://www.sihf.ch/de/game-center/game/#/20241105000180' target='_blank'>2023-09-13</a>,National League,HCFG,LHC,home,Regular Season,Christian Dubé,Geoff Ward,2,60.9,0,74.34,25.66,3,2,1,3,2,1,2.96,1.97,48.1,2,2,0,2.49,2.49,8.7,5,20,1,0,1,6.87,4,2,100,0,0,0,0,0,0,0,0,13.64,94.29,107.92,26,31,45.61,0,2,0,0,0,4,9009
<a href='https://www.sihf.ch/de/game-center/game/#/20231105000367' target='_blank'>2023-03-09</a>,National League,HCFG,HCL,away,Playoffs,Christian Dubé,Luca Gianinazzi,,0,0,57.83,42.17,60,0,2,-2,56.7,0,1,-1,1,0,2,0,0,0,1,0,1.3,0,1,-1,0,96.67,96.67,60,50,54.55,35,39,47.3,25,31,44.64,10,0,25,7,1,11,27,24,52.94,0,2,0,0,0,4,6110
<a href='https://www.sihf.ch/de/game-center/game/#/20231105000365' target='_blank'>2023-03-07</a>,National League,HCFG,HCL,home,Playoffs,Christian Dubé,Luca Gianinazzi,,0,0,58,42,60,1,2,-1,40.3,0,2,-2,6,16.67,10.7,1,0,1,3,100,9,0,0,0,3.23,90,93.23,69,41,62.73,51,31,62.2,31,20,60.78,19,1,18,11,0,10,24,21,53.33,0,3,1,0,1,31,8947
<a href='https://www.sihf.ch/de/game-center/game/#/20231105000360' target='_blank'>2023-03-04</a>,National League,HCFG,SCLT,home,Regular Season,Christian Dubé,Thierry Paterlini,,3,61.17,38.83,0,60,6,0,6,50.1,1,0,1,6,83.33,5.4,5,0,5,3,100,4.6,0,0,0,14.63,100,114.63,68,49,58.12,53,31,63.1,41,25,62.12,11,1,15,6,0,18,27,29,48.21,0,4,0,0,0,8,9009
<a href='https://www.sihf.ch/de/game-center/game/#/20231105000351' target='_blank'>2023-03-02</a>,National League,HCFG,HCA,away,Regular Season,Christian Dubé,Julien Vauclair,,3,97.89,2.11,0,60,4,0,4,50,4,0,4,3,0,6,0,0,0,2,100,4,0,0,0,9.52,100,109.52,63,36,63.64,53,22,70.67,42,14,75,11,0,10,7,1,14,23,21,52.27,0,3,0,0,0,6,4272
<a href='https://www.sihf.ch/de/game-center/game/#/20231105000119' target='_blank'>2023-02-28</a>,National League,HCFG,EVZ,away,Regular Season,Christian Dubé,Dan Tangnes,,0,0,16,84,60,2,4,-2,52.7,0,3,-3,3,66.67,4.7,2,0,2,2,50,2.6,0,1,-1,5.71,91.67,97.38,77,55,58.33,52,47,52.53,35,37,48.61,13,4,25,10,0,8,24,27,47.06,0,2,0,0,0,4,6834
<a href='https://www.sihf.ch/de/game-center/game/#/20231105000346' target='_blank'>2023-02-25</a>,National League,HCFG,SCRJ,home,Regular Season,Christian Dubé,Stefan Hedlund,,0,4.36,33.83,61.81,60,2,6,-4,49.5,1,4,-3,3,33.33,5.7,1,0,1,3,33.33,4.8,0,2,-2,5.41,83.33,88.74,62,58,51.67,47,38,55.29,37,31,54.41,8,2,15,7,0,20,31,24,56.36,0,3,0,0,0,6,9009
<a href='https://www.sihf.ch/de/game-center/game/#/20231105000339' target='_blank'>2023-02-24</a>,National League,HCFG,EHCB,away,Regular Season,Christian Dubé,Antti Törmänen,,0,0,26.36,73.64,60,0,3,-3,50,0,1,-1,3,0,4.4,0,0,0,3,33.33,5.6,0,2,-2,0,76.92,76.92,65,38,63.11,51,21,70.83,30,13,69.77,20,1,14,7,1,17,25,14,64.1,0,5,0,0,0,10,6562
<a href='https://www.sihf.ch/de/game-center/game/#/20231105000332' target='_blank'>2023-02-18</a>,National League,HCFG,LHC,home,Regular Season,Christian Dubé,Geoff Ward,,0,0,32.28,67.72,60,2,3,-1,49.5,2,3,-1,3,0,6,0,0,0,3,100,4.5,0,0,0,6.9,87.5,94.4,58,47,55.24,39,34,53.42,29,24,54.72,9,1,19,8,2,13,33,28,54.1,0,3,0,0,0,6,9009
<a href='https://www.sihf.ch/de/game-center/game/#/20231105000324' target='_blank'>2023-02-17</a>,National League,HCFG,HCAP,away,Regular Season,Christian Dubé,Luca Cereda,,3,43.72,32.28,24,60,4,2,2,45.9,4,1,3,3,0,6,0,0,0,5,80,8.1,0,1,-1,10.34,92.31,102.65,46,55,45.54,36,41,46.75,30,26,53.57,6,0,10,15,0,14,28,28,50,0,3,1,0,0,11,6735
<a href='https://www.sihf.ch/de/game-center/game/#/20231105000214' target='_blank'>2023-02-14</a>,National League,HCFG,EHCK,home,Regular Season,Christian Dubé,Tomlinson Jeff,SO,1,0,45.38,54.62,65,3,4,-1,53.2,3,3,0,3,0,6,0,0,0,3,100,5.8,0,0,0,9.38,88.89,98.26,66,51,56.41,48,33,59.26,32,27,54.24,16,0,18,6,0,18,21,24,46.67,0,3,0,0,0,6,8889
<a href='https://www.sihf.ch/de/game-center/game/#/20231105000319' target='_blank'>2023-02-05</a>,National League,HCFG,GSHC,away,Regular Season,Christian Dubé,Jan Cadieux,,3,94.25,5.75,0,60,5,3,2,48.8,4,3,1,4,25,5.2,1,0,1,3,100,6,0,0,0,12.12,92.31,104.43,50,67,42.74,40,52,43.48,34,39,46.58,6,0,10,13,0,15,24,33,42.11,0,3,0,0,0,6,6487
<a href='https://www.sihf.ch/de/game-center/game/#/20231105000311' target='_blank'>2023-02-03</a>,National League,HCFG,ZSC,home,Regular Season,Christian Dubé,Marc Crawford,SO,1,0,68.28,31.72,65,1,2,-1,65,1,1,0,0,,0,0,0,0,0,,0,0,0,0,3.45,95.65,99.1,62,46,57.41,43,27,61.43,29,23,55.77,14,0,19,4,0,19,29,18,61.7,0,0,0,0,0,0,9009
<a href='https://www.sihf.ch/de/game-center/game/#/20231105000307' target='_blank'>2023-01-31</a>,National League,HCFG,HCL,away,Regular Season,Christian Dubé,Luca Gianinazzi,,3,97.03,2.97,0,60,6,1,5,52.5,4,1,3,4,50,5,2,0,2,2,100,2.5,0,0,0,23.08,97.06,120.14,35,68,33.98,30,50,37.5,26,34,43.33,4,0,5,16,0,18,18,29,38.3,0,2,0,0,0,4,4476
<a href='https://www.sihf.ch/de/game-center/game/#/20231105000296' target='_blank'>2023-01-28</a>,National League,HCFG,SCB,away,Regular Season,Christian Dubé,Toni Söderholm,SO,2,63.28,36.72,0,65,3,2,1,56.9,1,2,-1,4,25,4.1,1,0,1,2,100,4,0,0,0,6.9,91.3,98.2,63,52,54.78,51,37,57.95,29,23,55.77,19,3,12,13,1,15,26,20,56.52,0,2,0,0,0,4,16688
<a href='https://www.sihf.ch/de/game-center/game/#/20231105000290' target='_blank'>2023-01-27</a>,National League,HCFG,HCD,home,Regular Season,Christian Dubé,Waltteri Immonen,,0,9.25,72.92,17.83,60,2,3,-1,55.8,2,2,0,2,0,4,0,0,0,1,0,0.2,0,1,-1,9.52,90.62,100.15,48,63,43.24,29,40,42.03,21,32,39.62,7,1,19,8,0,23,28,28,50,0,1,0,0,0,2,9009
<a href='https://www.sihf.ch/de/game-center/game/#/20231105000146' target='_blank'>2023-01-24</a>,National League,HCFG,SCLT,away,Regular Season,Christian Dubé,Thierry Paterlini,,0,0,1.19,98.81,60,0,5,-5,46,0,3,-3,5,0,10,0,0,0,3,33.33,4,0,2,-2,0,76.19,76.19,73,40,64.6,53,30,63.86,36,21,63.16,16,1,20,7,2,10,25,23,52.08,0,3,0,0,0,6,4557
<a href='https://www.sihf.ch/de/game-center/game/#/20231105000281' target='_blank'>2023-01-21</a>,National League,HCFG,EVZ,home,Regular Season,Christian Dubé,Dan Tangnes,SO,1,63.08,36.92,0,65,1,2,-1,52,0,0,0,6,16.67,7.2,1,0,1,3,66.67,5.8,0,1,-1,2.94,96.55,99.49,53,75,41.41,41,41,50,34,29,53.97,7,0,12,9,3,34,24,37,39.34,0,2,1,0,1,29,9009
<a href='https://www.sihf.ch/de/game-center/game/#/20231105000280' target='_blank'>2023-01-20</a>,National League,HCFG,EVZ,away,Regular Season,Christian Dubé,Dan Tangnes,,0,0,65.19,34.81,60,3,5,-2,48.1,1,2,-1,5,40,8.5,2,0,2,3,0,3.4,0,3,-3,12,86.21,98.21,47,74,38.84,28,47,37.33,25,30,45.45,3,0,19,17,0,27,25,32,43.86,0,3,0,0,0,6,7200
<a href='https://www.sihf.ch/de/game-center/game/#/20231105000123' target='_blank'>2023-01-17</a>,National League,HCFG,EHCB,home,Regular Season,Christian Dubé,Antti Törmänen,,3,99.61,0.39,0,60,6,1,5,51.2,4,1,3,4,50,4.8,2,0,2,2,100,4,0,0,0,15.79,96.15,111.94,55,63,46.61,47,42,52.81,38,26,59.38,8,1,8,16,0,21,24,27,47.06,0,3,0,0,0,6,8947
<a href='https://www.sihf.ch/de/game-center/game/#/20231105000271' target='_blank'>2023-01-14</a>,National League,HCFG,SCRJ,away,Regular Season,Christian Dubé,Stefan Hedlund,SO,1,0,70.38,29.62,65,3,4,-1,56.9,1,3,-2,5,40,6.2,2,0,2,1,100,2,0,0,0,10,80,90,55,42,56.7,34,25,57.63,30,15,66.67,4,0,21,10,0,17,28,35,44.44,0,2,0,0,0,4,5362
<a href='https://www.sihf.ch/de/game-center/game/#/20231105000262' target='_blank'>2023-01-13</a>,National League,HCFG,EHCB,home,Regular Season,Christian Dubé,Antti Törmänen,,0,0,6.39,93.61,60,3,6,-3,52.2,1,6,-5,6,33.33,5.8,2,0,2,1,100,2,0,0,0,8.33,73.91,82.25,69,37,65.09,47,27,63.51,36,23,61.02,9,2,22,3,1,10,26,25,50.98,0,3,0,0,0,6,9009
<a href='https://www.sihf.ch/de/game-center/game/#/20231105000185' target='_blank'>2023-01-10</a>,National League,HCFG,HCA,home,Regular Season,Christian Dubé,Julien Vauclair,,3,57.03,28.36,14.61,60,7,2,5,50.9,4,2,2,4,75,5.1,3,0,3,2,100,4,0,0,0,18.42,88.89,107.31,66,37,64.08,43,22,66.15,38,18,67.86,5,0,23,4,0,15,27,21,56.25,0,2,0,0,0,4,9009
<a href='https://www.sihf.ch/de/game-center/game/#/20231105000258' target='_blank'>2023-01-07</a>,National League,HCFG,LHC,away,Regular Season,Christian Dubé,Geoff Ward,,0,0,22.42,77.58,60,3,5,-2,49.1,2,3,-1,6,16.67,9.1,1,1,0,1,0,1.8,0,1,-1,8.57,84.62,93.19,60,54,52.63,44,37,54.32,35,27,56.45,7,2,16,8,2,17,21,28,42.86,1,2,0,0,0,4,8809
<a href='https://www.sihf.ch/de/game-center/game/#/20231105000248' target='_blank'>2023-01-06</a>,National League,HCFG,HCAP,home,Regular Season,Christian Dubé,Luca Cereda,,3,91.03,8.97,0,60,6,1,5,51.5,4,0,4,2,100,1.1,2,0,2,4,75,7.4,0,1,-1,17.65,93.75,111.4,55,57,49.11,44,36,55,34,16,68,10,0,11,19,1,21,29,24,54.72,0,4,0,0,0,8,9009
<a href='https://www.sihf.ch/de/game-center/game/#/20231105000242' target='_blank'>2023-01-02</a>,National League,HCFG,EHCK,away,Regular Season,Christian Dubé,Tomlinson Jeff,OT,2,0,15.41,84.59,64.4,3,2,1,54.1,2,1,1,3,33.33,5.5,1,0,1,3,66.67,4.8,0,1,-1,6.67,90.48,97.14,75,51,59.52,58,27,68.24,45,21,68.18,12,1,17,4,2,24,25,37,40.32,0,3,0,0,0,6,7287
<a href='https://www.sihf.ch/de/game-center/game/#/20231105000234' target='_blank'>2022-12-23</a>,National League,HCFG,GSHC,home,Regular Season,Christian Dubé,Jan Cadieux,,3,98.17,1.83,0,60,2,1,1,45.5,1,1,0,8,12.5,12.6,1,0,1,1,100,2,0,0,0,14.29,94.74,109.02,40,63,38.83,24,36,40,14,19,42.42,8,2,16,17,0,27,24,19,55.81,0,1,0,0,0,2,9009
<a href='https://www.sihf.ch/de/game-center/game/#/20231105000231' target='_blank'>2022-12-22</a>,National League,HCFG,ZSC,away,Regular Season,Christian Dubé,Rikard Grönborg,,3,89.86,10.14,0,60,2,1,1,51.1,2,1,1,4,0,5.6,0,0,0,2,100,3.2,0,0,0,6.67,96.43,103.1,51,58,46.79,39,37,51.32,30,28,51.72,8,1,12,9,0,21,30,31,49.18,0,2,0,0,0,4,12000
<a href='https://www.sihf.ch/de/game-center/game/#/20231105000220' target='_blank'>2022-12-20</a>,National League,HCFG,HCL,home,Regular Season,Christian Dubé,Luca Gianinazzi,,3,32.08,35.75,32.17,60,7,4,3,52,3,3,0,6,66.67,7.4,4,0,4,1,0,0.6,0,1,-1,20,87.88,107.88,66,60,52.38,47,45,51.09,31,33,48.44,16,0,19,11,1,15,33,31,51.56,0,1,0,0,0,2,8943
<a href='https://www.sihf.ch/de/game-center/game/#/20231105000199' target='_blank'>2022-12-11</a>,National League,HCFG,HCD,away,Regular Season,Christian Dubé,Christian Wohlwend,SO,1,60.21,39.79,0,65,2,3,-1,47,1,1,0,6,16.67,11.5,1,0,1,4,75,6.4,0,1,-1,5.41,92.59,98,61,48,55.96,48,38,55.81,37,27,57.81,11,0,13,10,1,10,27,34,44.26,0,5,0,0,0,10,3342
<a href='https://www.sihf.ch/de/game-center/game/#/20231105000206' target='_blank'>2022-12-10</a>,National League,HCFG,SCB,home,Regular Season,Christian Dubé,Toni Söderholm,,0,44.78,54.94,0.28,60,2,3,-1,49.6,1,1,0,4,25,6.8,1,0,1,3,33.33,3.6,0,2,-2,5.88,90,95.88,68,58,53.97,49,43,53.26,34,30,53.12,13,2,19,13,0,15,38,17,69.09,0,3,0,0,0,6,9009
<a href='https://www.sihf.ch/de/game-center/game/#/20231105000030' target='_blank'>2022-12-07</a>,National League,HCFG,EHCB,away,Regular Season,Christian Dubé,Antti Törmänen,,0,31.5,42.64,25.86,60,2,4,-2,49.3,2,3,-1,1,0,2,0,0,0,5,80,8.7,0,1,-1,9.52,86.36,95.89,49,39,55.68,37,33,52.86,21,23,47.73,15,1,12,10,0,6,30,28,51.72,0,5,0,0,0,10,6284
<a href='https://www.sihf.ch/de/game-center/game/#/20231105000194' target='_blank'>2022-12-03</a>,National League,HCFG,SCLT,away,Regular Season,Christian Dubé,Thierry Paterlini,,0,0,17.92,82.08,60,3,4,-1,48.4,1,2,-1,4,50,4.3,2,1,1,6,83.33,7.3,0,1,-1,12,84,96,65,48,57.52,43,40,51.81,25,25,50,18,0,22,13,2,8,22,31,41.51,0,6,0,0,0,12,5414
<a href='https://www.sihf.ch/de/game-center/game/#/20231105000179' target='_blank'>2022-11-29</a>,National League,HCFG,ZSC,home,Regular Season,Christian Dubé,Rikard Grönborg,,0,0,76.36,23.64,60,0,2,-2,50,0,2,-2,4,0,8,0,0,0,1,100,2,0,0,0,0,95.65,95.65,66,39,62.86,41,32,56.16,25,24,51.02,15,1,25,7,1,7,35,29,54.69,0,2,0,0,0,4,8878
<a href='https://www.sihf.ch/de/game-center/game/#/20231105000173' target='_blank'>2022-11-26</a>,National League,HCFG,LHC,away,Regular Season,Christian Dubé,Geoff Ward,,3,56.78,43.22,0,60,4,3,1,40.2,4,2,2,4,0,8,0,0,0,6,83.33,11.8,0,1,-1,9.38,90.32,99.7,58,68,46.03,47,43,52.22,33,31,51.56,13,1,11,12,0,25,36,29,55.38,0,7,0,0,0,14,9168
<a href='https://www.sihf.ch/de/game-center/game/#/20231105000165' target='_blank'>2022-11-25</a>,National League,HCFG,HCL,home,Regular Season,Christian Dubé,Luca Gianinazzi,,3,46.72,53.28,0,60,2,1,1,52,2,1,1,3,0,6,0,0,0,1,100,2,0,0,0,6.9,94.44,101.34,65,39,62.5,46,31,59.74,29,18,61.7,15,2,19,13,0,8,31,15,67.39,0,2,0,0,0,4,9009
<a href='https://www.sihf.ch/de/game-center/game/#/20231105000155' target='_blank'>2022-11-19</a>,National League,HCFG,SCB,away,Regular Season,Christian Dubé,Toni Söderholm,,3,70.25,29.75,0,60,3,1,2,51,2,0,2,2,50,2.5,1,0,1,4,75,6.6,0,1,-1,7.41,96,103.41,54,53,50.47,41,36,53.25,28,25,52.83,12,1,13,11,0,17,28,28,50,0,4,0,0,0,8,17031
<a href='https://www.sihf.ch/de/game-center/game/#/20231105000151' target='_blank'>2022-11-18</a>,National League,HCFG,HCD,home,Regular Season,Christian Dubé,Christian Wohlwend,,3,57.11,42.89,0,60,4,1,3,52.3,4,1,3,3,0,5.7,0,0,0,1,100,2,0,0,0,10.81,96.15,106.96,69,50,57.98,52,34,60.47,37,26,58.73,12,3,17,7,1,16,33,15,68.75,0,1,0,0,0,2,9009
<a href='https://www.sihf.ch/de/game-center/game/#/20231105000137' target='_blank'>2022-11-04</a>,National League,HCFG,GSHC,home,Regular Season,Christian Dubé,Jan Cadieux,,0,0,7.64,92.36,60,2,6,-4,53.5,1,4,-3,3,33.33,4.4,1,0,1,2,0,2,0,2,-2,8,76,84,55,45,55,37,37,50,25,25,50,11,1,18,12,0,8,31,22,58.49,0,2,0,0,0,4,9009
<a href='https://www.sihf.ch/de/game-center/game/#/20231105000129' target='_blank'>2022-11-01</a>,National League,HCFG,EHCK,away,Regular Season,Christian Dubé,Tomlinson Jeff,,0,30.06,68.83,1.11,60,1,3,-2,52.2,1,3,-2,2,0,2.9,0,0,0,3,100,4.9,0,0,0,2.94,92.86,95.8,48,58,45.28,42,43,49.41,34,29,53.97,7,1,6,13,1,15,25,25,50,0,3,0,0,0,6,5263
<a href='https://www.sihf.ch/de/game-center/game/#/20231105000110' target='_blank'>2022-10-25</a>,National League,HCFG,SCRJ,away,Regular Season,Christian Dubé,Stefan Hedlund,,3,82.47,17.53,0,60,2,0,2,53.5,1,0,1,2,50,2.5,1,0,1,2,100,4,0,0,0,4.17,100,104.17,42,57,42.42,29,36,44.62,25,25,50,4,0,13,8,3,21,17,28,37.78,0,2,0,0,0,4,3742
<a href='https://www.sihf.ch/de/game-center/game/#/20231105000100' target='_blank'>2022-10-22</a>,National League,HCFG,HCA,home,Regular Season,Christian Dubé,Filip Pesan,,3,97.94,2.06,0,60,5,2,3,54.3,5,1,4,2,0,2.3,0,0,0,3,66.67,3.4,0,1,-1,10,91.67,101.67,59,74,44.36,46,47,49.46,32,24,57.14,12,2,13,22,1,27,22,35,38.6,0,3,0,0,0,6,9009
<a href='https://www.sihf.ch/de/game-center/game/#/20231105000093' target='_blank'>2022-10-21</a>,National League,HCFG,HCAP,away,Regular Season,Christian Dubé,Luca Cereda,,3,39.17,18.58,42.25,60,2,1,1,53,0,1,-1,2,50,3,1,0,1,2,100,4,1,0,1,8,96.55,104.55,47,50,48.45,35,36,49.3,25,29,46.3,10,0,12,6,1,14,28,26,51.85,0,2,0,0,0,4,6447
<a href='https://www.sihf.ch/de/game-center/game/#/20231105000091' target='_blank'>2022-10-18</a>,National League,HCFG,ZSC,away,Regular Season,Christian Dubé,Rikard Grönborg,,0,0,13.97,86.03,60,1,2,-1,44.5,0,0,0,5,20,8.7,1,0,1,5,60,6.8,0,2,-2,3.03,92.31,95.34,63,60,51.22,51,47,52.04,33,26,55.93,18,0,12,20,1,13,19,28,40.43,0,6,0,0,0,12,12000
<a href='https://www.sihf.ch/de/game-center/game/#/20231105000081' target='_blank'>2022-10-15</a>,National League,HCFG,LHC,home,Regular Season,Christian Dubé,John Fust,,3,94.86,5.14,0,60,5,2,3,43.8,3,1,2,6,33.33,9.1,2,0,2,3,66.67,7.1,0,1,-1,19.23,93.33,112.56,52,56,48.15,36,44,45,26,30,46.43,10,0,16,13,1,12,23,28,45.1,0,4,1,0,1,33,9009
<a href='https://www.sihf.ch/de/game-center/game/#/20231105000076' target='_blank'>2022-10-14</a>,National League,HCFG,HCL,away,Regular Season,Christian Dubé,Luca Gianinazzi,,3,10.78,40.72,48.5,60,4,2,2,52,4,2,2,1,0,2,0,0,0,3,100,6,0,0,0,9.09,90.91,100,65,55,54.17,52,35,59.77,34,22,60.71,18,0,13,13,0,20,32,17,65.31,0,3,0,0,0,6,4833
<a href='https://www.sihf.ch/de/game-center/game/#/20231105000067' target='_blank'>2022-10-09</a>,National League,HCFG,SCB,home,Regular Season,Christian Dubé,Johan Lundskog,OT,1,0,45.07,54.93,61.9,1,2,-1,53.4,1,2,-1,2,0,3.2,0,0,0,3,100,5.2,0,0,0,3.03,94.87,97.9,52,62,45.61,40,45,47.06,33,39,45.83,6,1,12,6,0,17,36,29,55.38,0,4,0,0,0,8,9009
<a href='https://www.sihf.ch/de/game-center/game/#/20231105000058' target='_blank'>2022-10-07</a>,National League,HCFG,HCD,away,Regular Season,Christian Dubé,Christian Wohlwend,,3,82.78,17.22,0,60,3,2,1,52,3,2,1,2,0,4,0,0,0,2,100,4,0,0,0,13.04,91.67,104.71,40,56,41.67,26,38,40.62,23,24,48.94,3,0,14,14,0,18,22,27,44.9,0,2,0,0,0,4,3993
<a href='https://www.sihf.ch/de/game-center/game/#/20231105000053' target='_blank'>2022-10-01</a>,National League,HCFG,SCLT,home,Regular Season,Christian Dubé,Thierry Paterlini,OT,1,0,79.09,20.91,61.8,1,2,-1,50.1,1,1,0,3,0,6,0,0,0,3,66.67,5.6,0,1,-1,2.27,90,92.27,74,36,67.27,49,24,67.12,44,20,68.75,5,0,25,4,0,12,40,25,61.54,0,4,0,0,0,8,9009
<a href='https://www.sihf.ch/de/game-center/game/#/20231105000045' target='_blank'>2022-09-30</a>,National League,HCFG,GSHC,away,Regular Season,Christian Dubé,Jan Cadieux,,0,20.03,49.92,30.06,60,2,5,-3,45.4,1,5,-4,2,50,6.6,1,0,1,4,100,8,0,0,0,6.06,87.18,93.24,51,64,44.35,44,51,46.32,33,39,45.83,11,0,7,12,0,13,26,27,49.06,0,4,0,0,0,8,6058
<a href='https://www.sihf.ch/de/game-center/game/#/20231105000039' target='_blank'>2022-09-27</a>,National League,HCFG,EHCK,home,Regular Season,Christian Dubé,Tomlinson Jeff,,3,93.86,6.14,0,60,9,1,8,45.3,6,0,6,8,37.5,10.7,3,1,2,2,100,4,0,0,0,22.5,96.15,118.65,73,44,62.39,49,33,59.76,40,26,60.61,6,3,24,7,0,11,29,25,53.7,0,2,0,0,0,4,8107
<a href='https://www.sihf.ch/de/game-center/game/#/20231105000025' target='_blank'>2022-09-23</a>,National League,HCFG,EVZ,home,Regular Season,Christian Dubé,Dan Tangnes,,0,0,27,73,60,2,5,-3,56,2,5,-3,1,0,2,0,0,0,1,100,2,0,0,0,6.25,76.47,82.72,45,31,59.21,37,19,66.07,32,18,64,4,1,8,1,0,12,23,36,38.98,0,1,0,0,0,2,9009
<a href='https://www.sihf.ch/de/game-center/game/#/20231105000017' target='_blank'>2022-09-20</a>,National League,HCFG,SCRJ,home,Regular Season,Christian Dubé,Stefan Hedlund,,3,85.67,14.33,0,60,4,1,3,52.6,3,1,2,3,33.33,5.4,1,0,1,1,100,2,0,0,0,16,96.15,112.15,50,45,52.63,37,34,52.11,25,26,49.02,11,1,13,8,0,11,30,29,50.85,0,1,0,0,0,2,8031
<a href='https://www.sihf.ch/de/game-center/game/#/20231105000008' target='_blank'>2022-09-17</a>,National League,HCFG,HCA,away,Regular Season,Christian Dubé,Filip Pesan,,0,0,32.25,67.75,60,2,4,-2,47.3,1,3,-2,5,20,8.2,1,0,1,3,66.67,4.5,0,1,-1,3.85,84.21,88.06,82,41,66.67,71,33,68.27,52,20,72.22,19,0,11,13,0,8,31,34,47.69,0,5,0,0,0,10,4259
<a href='https://www.sihf.ch/de/game-center/game/#/20231105000002' target='_blank'>2022-09-16</a>,National League,HCFG,HCAP,home,Regular Season,Christian Dubé,Luca Cereda,OT,1,0,68.14,31.86,63.8,1,2,-1,53.1,0,1,-1,5,20,9,1,0,1,1,0,1.7,0,1,-1,2.86,87.5,90.36,71,30,70.3,50,17,74.63,35,16,68.63,13,2,21,1,0,13,37,20,64.91,0,1,0,0,0,2,9009
<a href='https://www.sihf.ch/de/game-center/game/#/20221105000398' target='_blank'>2022-04-14</a>,National League,HCFG,ZSC,away,Playoffs,Christian Dubé,Rikard Grönborg,,0,0,38.53,61.47,60,2,6,-4,47.6,2,6,-4,2,0,3.8,0,0,0,4,100,8.6,0,0,0,6.9,80.77,87.67,58,49,54.21,41,40,50.62,29,27,51.79,11,1,17,13,0,9,21,28,42.86,0,3,1,0,1,31,11200
<a href='https://www.sihf.ch/de/game-center/game/#/20221105000396' target='_blank'>2022-04-12</a>,National League,HCFG,ZSC,home,Playoffs,Christian Dubé,Rikard Grönborg,OT,1,1.08,90.25,8.67,78.8,2,3,-1,63.5,1,3,-2,6,16.67,10.3,1,0,1,3,100,5,0,0,0,4.76,91.89,96.65,82,69,54.3,50,46,52.08,42,37,53.16,8,0,32,8,1,23,26,34,43.33,0,3,0,0,0,6,8934
<a href='https://www.sihf.ch/de/game-center/game/#/20221105000394' target='_blank'>2022-04-10</a>,National League,HCFG,ZSC,away,Playoffs,Christian Dubé,Rikard Grönborg,OT,1,0,65.07,34.93,64.5,2,3,-1,53.4,1,2,-1,2,50,2.1,1,0,1,5,80,9,0,1,-1,6.45,88,94.45,54,63,46.15,45,47,48.91,31,25,55.36,14,0,9,21,1,16,23,33,41.07,0,7,0,0,0,14,10512
<a href='https://www.sihf.ch/de/game-center/game/#/20221105000392' target='_blank'>2022-04-08</a>,National League,HCFG,ZSC,home,Playoffs,Christian Dubé,Rikard Grönborg,OT,1,0,89.46,10.54,81.3,2,3,-1,71.3,2,3,-1,4,0,8,0,0,0,2,100,2,0,0,0,5.26,89.66,94.92,72,64,52.94,55,44,55.56,38,29,56.72,17,0,17,15,0,20,31,34,47.69,0,3,0,0,0,6,8934
<a href='https://www.sihf.ch/de/game-center/game/#/20221105000378' target='_blank'>2022-04-02</a>,National League,HCFG,LHC,home,Playoffs,Christian Dubé,John Fust,OT,2,6.05,76.17,17.77,78.2,5,4,1,58.1,1,2,-1,5,80,9.9,4,0,4,6,66.67,10.2,0,2,-2,12.5,89.74,102.24,79,80,49.69,56,54,50.91,40,39,50.63,14,2,23,15,0,26,27,30,47.37,0,9,0,0,0,18,8934
<a href='https://www.sihf.ch/de/game-center/game/#/20221105000374' target='_blank'>2022-03-31</a>,National League,HCFG,LHC,away,Playoffs,Christian Dubé,John Fust,,3,64.78,35.22,0,60,4,1,3,55.3,2,1,1,2,50,0.7,1,0,1,2,100,4,1,0,1,20,94.74,114.74,41,44,48.24,29,29,50,20,19,51.28,8,1,12,10,0,15,25,19,56.82,0,4,0,0,0,8,9600
<a href='https://www.sihf.ch/de/game-center/game/#/20221105000370' target='_blank'>2022-03-29</a>,National League,HCFG,LHC,home,Playoffs,Christian Dubé,John Fust,OT,2,30.42,69.58,0,105,3,2,1,87.2,1,2,-1,7,28.57,8.8,2,0,2,5,100,8.9,0,0,0,7.14,96.08,103.22,87,115,43.07,62,75,45.26,42,51,45.16,19,1,25,24,0,40,46,45,50.55,0,5,0,0,0,10,8934
<a href='https://www.sihf.ch/de/game-center/game/#/20221105000366' target='_blank'>2022-03-27</a>,National League,HCFG,LHC,away,Playoffs,Christian Dubé,John Fust,OT,1,16.79,77.89,5.32,71.1,4,5,-1,60.4,3,5,-2,2,50,2.7,1,0,1,4,100,8,0,0,0,11.76,87.5,99.26,70,82,46.05,46,55,45.54,34,40,45.95,12,0,24,14,1,27,42,38,52.5,0,4,0,0,0,8,9600
<a href='https://www.sihf.ch/de/game-center/game/#/20221105000362' target='_blank'>2022-03-25</a>,National League,HCFG,LHC,home,Playoffs,Christian Dubé,John Fust,,3,67.33,32.67,0,60,2,0,2,47.7,0,0,0,5,20,6.1,1,0,1,4,100,6.2,1,0,1,8.7,100,108.7,45,80,36,39,58,40.21,23,35,39.66,16,0,6,23,0,22,30,35,46.15,0,5,0,0,0,10,8934
<a href='https://www.sihf.ch/de/game-center/game/#/20221105000336' target='_blank'>2022-03-14</a>,National League,HCFG,HCD,away,Regular Season,Christian Dubé,Christian Wohlwend,,0,0,39.81,60.19,60,0,2,-2,55.8,0,1,-1,2,0,4,0,0,0,1,0,0.2,0,1,-1,0,88.89,88.89,62,45,57.94,36,26,58.06,27,18,60,9,0,26,7,1,19,24,21,53.33,0,1,0,0,0,2,3896
<a href='https://www.sihf.ch/de/game-center/game/#/20221105000328' target='_blank'>2022-03-12</a>,National League,HCFG,HCAP,home,Regular Season,Christian Dubé,Luca Cereda,,0,0,25.42,74.58,60,0,2,-2,46,0,0,0,6,0,11,0,1,-1,2,50,3,0,1,-1,0,94.12,94.12,78,41,65.55,47,33,58.75,30,18,62.5,16,1,31,15,0,8,24,21,53.33,0,3,0,0,0,6,8934
<a href='https://www.sihf.ch/de/game-center/game/#/20221105000325' target='_blank'>2022-03-11</a>,National League,HCFG,LHC,away,Regular Season,Christian Dubé,John Fust,,0,0,11.19,88.81,60,0,2,-2,37,0,2,-2,4,0,7,0,0,0,7,100,16,0,0,0,0,97.73,97.73,25,84,22.94,20,60,25,16,45,26.23,4,0,5,15,0,24,21,28,42.86,0,8,1,0,1,41,9600
<a href='https://www.sihf.ch/de/game-center/game/#/20221105000239' target='_blank'>2022-03-08</a>,National League,HCFG,HCAP,away,Regular Season,Christian Dubé,Luca Cereda,,0,0,92.86,7.14,60,1,2,-1,46.2,0,2,-2,5,20,9.3,1,0,1,3,100,4.6,0,0,0,3.23,92.86,96.08,58,61,48.74,45,41,52.33,31,28,52.54,14,0,13,11,2,20,30,26,53.57,0,3,0,0,0,6,5670
<a href='https://www.sihf.ch/de/game-center/game/#/20221105000306' target='_blank'>2022-03-05</a>,National League,HCFG,HCL,away,Regular Season,Christian Dubé,Chris McSorley,,0,0,22.64,77.36,60,2,5,-3,54,2,5,-3,3,0,2,0,0,0,2,100,4,0,0,0,7.14,87.18,94.32,55,72,43.31,38,52,42.22,28,39,41.79,10,0,17,12,1,20,31,43,41.89,0,4,0,0,0,8,5068
<a href='https://www.sihf.ch/de/game-center/game/#/20221105000226' target='_blank'>2022-03-02</a>,National League,HCFG,EVZ,away,Regular Season,Christian Dubé,Dan Tangnes,,0,32.86,38.19,28.94,60,3,4,-1,40.8,2,3,-1,6,16.67,8.2,1,0,1,6,83.33,11,0,1,-1,11.11,86.67,97.78,48,56,46.15,36,42,46.15,27,30,47.37,9,0,12,11,1,14,38,25,60.32,0,6,0,0,0,12,6911
<a href='https://www.sihf.ch/de/game-center/game/#/20221105000299' target='_blank'>2022-03-01</a>,National League,HCFG,EVZ,home,Regular Season,Christian Dubé,Dan Tangnes,,3,85.61,14.39,0,60,6,2,4,52,5,1,4,1,0,2,0,1,-1,3,100,6,1,0,1,16.67,92.86,109.52,53,57,48.18,40,39,50.63,31,28,52.54,9,0,13,11,0,18,23,30,43.4,0,3,0,0,0,6,8934
<a href='https://www.sihf.ch/de/game-center/game/#/20221105000295' target='_blank'>2022-02-26</a>,National League,HCFG,SCLT,away,Regular Season,Christian Dubé,Yves Sarault,,0,0,54.5,45.5,60,2,4,-2,49.4,2,3,-1,3,0,4.4,0,0,0,4,75,6.2,0,1,-1,8.33,90.91,99.24,48,61,44.04,34,47,41.98,24,34,41.38,10,0,14,11,2,14,25,29,46.3,0,4,0,0,0,8,5117
<a href='https://www.sihf.ch/de/game-center/game/#/20221105000288' target='_blank'>2022-02-25</a>,National League,HCFG,GSHC,home,Regular Season,Christian Dubé,Jan Cadieux,,3,38.17,11.53,50.31,60,5,3,2,48.6,3,2,1,4,50,2.5,2,0,2,5,80,8.9,0,1,-1,13.16,88,101.16,72,49,59.5,51,38,57.3,38,25,60.32,13,0,21,12,1,11,20,29,40.82,0,6,1,0,1,37,8934
<a href='https://www.sihf.ch/de/game-center/game/#/20221105000234' target='_blank'>2022-02-23</a>,National League,HCFG,LHC,home,Regular Season,Christian Dubé,John Fust,,3,90.39,9.61,0,60,6,3,3,46.6,6,2,4,3,0,7.9,0,0,0,3,66.67,5.5,0,1,-1,20.83,90.62,111.46,53,66,44.54,36,40,47.37,25,32,43.86,11,0,17,8,0,26,31,28,52.54,0,5,0,0,0,10,8889
<a href='https://www.sihf.ch/de/game-center/game/#/20221105000281' target='_blank'>2022-01-28</a>,National League,HCFG,EHCB,home,Regular Season,Christian Dubé,Antti Törmänen,,3,92.64,7.36,0,60,5,3,2,51.1,4,2,2,3,33.33,4.9,1,0,1,2,50,4,0,1,-1,20,91.43,111.43,45,69,39.47,36,50,41.86,25,35,41.67,10,1,9,14,1,19,26,20,56.52,0,2,0,0,0,4,8934
<a href='https://www.sihf.ch/de/game-center/game/#/20221105000273' target='_blank'>2022-01-27</a>,National League,HCFG,HCA,away,Regular Season,Christian Dubé,Gary Sheehan,,3,72.31,27.69,0,60,4,1,3,46.4,3,1,2,5,20,7.6,1,0,1,3,100,6,0,0,0,9.3,96.55,105.85,65,45,59.09,53,34,60.92,43,29,59.72,9,1,12,5,0,11,25,24,51.02,0,3,0,0,0,6,3148
<a href='https://www.sihf.ch/de/game-center/game/#/20221105000271' target='_blank'>2022-01-22</a>,National League,HCFG,SCRJ,home,Regular Season,Christian Dubé,Stefan Hedlund,OT,2,23.47,55.89,20.64,61.7,3,2,1,53.5,2,1,1,3,33.33,4.8,1,0,1,3,66.67,3.4,0,1,-1,8.57,91.3,99.88,59,46,56.19,47,37,55.95,35,23,60.34,12,0,12,14,0,9,21,28,42.86,0,3,0,0,0,6,8934
<a href='https://www.sihf.ch/de/game-center/game/#/20221105000262' target='_blank'>2022-01-21</a>,National League,HCFG,SCB,away,Regular Season,Christian Dubé,Johan Lundskog,,3,97.64,2.36,0,60,3,0,3,56,3,0,3,2,0,4,0,0,0,0,,0,0,0,0,14.29,100,114.29,48,47,50.53,34,33,50.75,21,26,44.68,12,1,14,7,0,14,20,23,46.51,0,1,0,0,0,2,13843
<a href='https://www.sihf.ch/de/game-center/game/#/20221105000199' target='_blank'>2022-01-19</a>,National League,HCFG,GSHC,away,Regular Season,Christian Dubé,Jan Cadieux,,0,9.56,60.39,30.06,60,1,4,-3,51.6,1,3,-2,2,0,2.9,0,0,0,4,75,5.5,0,1,-1,4,90,94,43,56,43.43,33,39,45.83,25,31,44.64,6,2,10,7,1,17,24,25,48.98,0,4,0,0,0,8,4222
<a href='https://www.sihf.ch/de/game-center/game/#/20221105000256' target='_blank'>2022-01-18</a>,National League,HCFG,SCB,home,Regular Season,Christian Dubé,Johan Lundskog,,3,48.39,51.61,0,60,3,1,2,54.6,2,1,1,2,50,3.1,1,0,1,2,100,2.3,0,0,0,10,96.67,106.67,54,68,44.26,40,45,47.06,30,30,50,9,1,14,15,0,23,26,19,57.78,0,2,0,0,0,4,8443
<a href='https://www.sihf.ch/de/game-center/game/#/20221105000319' target='_blank'>2022-01-02</a>,National League,HCFG,ZSC,away,Regular Season,Christian Dubé,Rikard Grönborg,,0,0,1.56,98.44,60,2,4,-2,55.5,1,4,-3,1,100,0.5,1,0,1,2,100,4,0,0,0,7.41,89.19,96.6,44,63,41.12,33,49,40.24,27,37,42.19,6,0,11,11,1,14,30,25,54.55,0,2,0,0,0,4,8842
<a href='https://www.sihf.ch/de/game-center/game/#/20221105000211' target='_blank'>2021-12-22</a>,National League,HCFG,HCL,home,Regular Season,Christian Dubé,Chris McSorley,OT,2,0.68,52.55,46.76,63.3,3,2,1,50.6,2,2,0,5,20,7.6,1,0,1,4,100,5.1,0,0,0,12,94.29,106.29,46,66,41.07,37,48,43.53,25,35,41.67,12,0,9,12,1,18,26,33,44.07,0,5,0,0,0,10,8873
<a href='https://www.sihf.ch/de/game-center/game/#/20221105000205' target='_blank'>2021-12-20</a>,National League,HCFG,SCLT,home,Regular Season,Christian Dubé,Jason O'Leary,,3,69.72,30.28,0,60,5,1,4,54,5,1,4,2,0,4,0,0,0,1,100,2,0,0,0,16.13,95.45,111.58,56,50,52.83,41,29,58.57,31,22,58.49,10,0,15,7,0,21,21,22,48.84,0,1,0,0,0,2,7943
<a href='https://www.sihf.ch/de/game-center/game/#/20221105000193' target='_blank'>2021-12-11</a>,National League,HCFG,EHCB,away,Regular Season,Christian Dubé,Antti Törmänen,,3,92.03,7.97,0,60,3,1,2,43.3,1,1,0,6,33.33,12,2,0,2,3,100,4.6,0,0,0,12.5,96.88,109.38,42,58,42,34,40,45.95,24,32,42.86,10,0,8,8,0,18,35,20,63.64,0,4,0,2,0,28,5901
<a href='https://www.sihf.ch/de/game-center/game/#/20221105000187' target='_blank'>2021-12-10</a>,National League,HCFG,HCA,home,Regular Season,Christian Dubé,Gary Sheehan,,3,15.47,52.31,32.22,60,6,3,3,49,4,2,2,2,100,1.5,2,0,2,5,80,9.4,0,1,-1,13.89,92.11,105.99,59,76,43.7,43,50,46.24,37,38,49.33,5,1,16,11,1,26,24,36,40,0,5,0,0,0,10,8837
<a href='https://www.sihf.ch/de/game-center/game/#/20221105000183' target='_blank'>2021-12-04</a>,National League,HCFG,SCRJ,away,Regular Season,Christian Dubé,Stefan Hedlund,OT,2,43.58,56.42,0,60.6,5,4,1,56.6,5,4,1,1,0,2,0,0,0,1,100,2,0,0,0,29.41,87.1,116.51,43,56,43.43,26,39,40,17,31,35.42,9,0,17,8,0,17,23,25,47.92,0,1,0,0,0,2,3812
<a href='https://www.sihf.ch/de/game-center/game/#/20221105000174' target='_blank'>2021-12-03</a>,National League,HCFG,SCB,home,Regular Season,Christian Dubé,Johan Lundskog,OT,2,6.6,68.48,24.92,60.4,4,3,1,47.9,3,2,1,4,25,7.8,1,0,1,3,66.67,4.7,0,1,-1,14.29,91.18,105.46,55,65,45.83,35,48,42.17,28,34,45.16,6,1,20,14,0,17,25,33,43.1,0,4,0,0,0,8,8934
<a href='https://www.sihf.ch/de/game-center/game/#/20221105000147' target='_blank'>2021-11-30</a>,National League,HCFG,ZSC,away,Regular Season,Christian Dubé,Rikard Grönborg,SO,1,31.72,59.38,8.9,65,4,5,-1,49.9,3,4,-1,4,25,6.9,1,0,1,5,100,8.2,0,0,0,14.29,90.24,104.53,42,78,35,30,51,37.04,28,41,40.58,2,0,12,10,0,27,33,33,50,0,5,0,0,0,10,7901
<a href='https://www.sihf.ch/de/game-center/game/#/20221105000229' target='_blank'>2021-11-29</a>,National League,HCFG,ZSC,home,Regular Season,Christian Dubé,Rikard Grönborg,SO,2,0,34.26,65.74,65,4,3,1,56,3,3,0,4,0,8,0,0,0,1,100,1,0,0,0,6.82,90.91,97.73,79,62,56.03,51,35,59.3,44,33,57.14,7,0,28,2,0,27,32,35,47.76,0,1,0,0,0,2,8017
<a href='https://www.sihf.ch/de/game-center/game/#/20221105000165' target='_blank'>2021-11-26</a>,National League,HCFG,HCL,away,Regular Season,Christian Dubé,Chris McSorley,OT,2,65.89,34.11,0,63.6,4,3,1,49.5,3,2,1,3,0,6,0,0,0,5,80,8,1,1,0,12.9,91.18,104.08,49,48,50.52,36,37,49.32,31,34,47.69,5,0,13,3,0,11,27,29,48.21,0,6,0,0,0,12,4942
<a href='https://www.sihf.ch/de/game-center/game/#/20221105000157' target='_blank'>2021-11-20</a>,National League,HCFG,HCD,away,Regular Season,Christian Dubé,Christian Wohlwend,,3,86.25,13.75,0,60,2,0,2,52.5,2,0,2,0,,0,0,0,0,4,100,7.5,0,0,0,7.69,100,107.69,55,92,37.41,37,63,37,26,45,36.62,11,0,18,17,1,29,31,29,51.67,0,4,0,0,0,8,5278
<a href='https://www.sihf.ch/de/game-center/game/#/20221105000150' target='_blank'>2021-11-19</a>,National League,HCFG,SCLT,home,Regular Season,Christian Dubé,Jason O'Leary,,3,47.81,30.56,21.64,60,4,3,1,47.4,3,1,2,4,25,6.8,1,0,1,4,50,5.8,0,2,-2,12.12,87.5,99.62,48,54,47.06,44,35,55.7,33,24,57.89,11,0,4,11,0,19,21,28,42.86,0,4,0,0,0,8,8895
<a href='https://www.sihf.ch/de/game-center/game/#/20221105000140' target='_blank'>2021-11-05</a>,National League,HCFG,GSHC,home,Regular Season,Christian Dubé,Patrick Emond,,3,63.14,36.86,0,60,3,1,2,49,2,1,1,4,25,7,1,0,1,2,100,4,0,0,0,11.11,96.3,107.41,52,43,54.74,39,30,56.52,27,27,50,12,0,13,3,0,13,22,26,45.83,0,3,0,0,0,6,8902
<a href='https://www.sihf.ch/de/game-center/game/#/20221105000134' target='_blank'>2021-11-02</a>,National League,HCFG,LHC,away,Regular Season,Christian Dubé,John Fust,,0,25.47,13.69,60.83,60,3,6,-3,54.5,2,4,-2,1,100,0.2,1,0,1,3,33.33,5.2,0,2,-2,13.64,86.11,99.75,43,66,39.45,28,44,38.89,22,37,37.29,6,0,15,7,0,22,23,29,44.23,0,3,0,0,0,6,6236
<a href='https://www.sihf.ch/de/game-center/game/#/20221105000127' target='_blank'>2021-10-30</a>,National League,HCFG,EVZ,home,Regular Season,Christian Dubé,Dan Tangnes,OT,1,61.96,38.04,0,61,4,5,-1,57.9,3,4,-1,1,100,0.8,1,0,1,2,50,2.3,0,1,-1,13.79,82.76,96.55,51,58,46.79,40,41,49.38,29,29,50,9,2,11,12,0,17,22,26,45.83,0,3,0,0,0,6,8803
<a href='https://www.sihf.ch/de/game-center/game/#/20221105000115' target='_blank'>2021-10-26</a>,National League,HCFG,EHCB,home,Regular Season,Christian Dubé,Antti Törmänen,,0,0,12.17,87.83,60,0,1,-1,48,0,1,-1,2,0,4,0,0,0,4,100,8,0,0,0,0,96.77,96.77,48,60,44.44,30,46,39.47,22,31,41.51,8,0,18,15,0,14,21,26,44.68,0,5,0,0,0,10,8788
<a href='https://www.sihf.ch/de/game-center/game/#/20221105000110' target='_blank'>2021-10-23</a>,National League,HCFG,HCAP,home,Regular Season,Christian Dubé,Luca Cereda,,3,86.64,13.36,0,60,3,1,2,52.5,1,1,0,3,66.67,3.5,2,0,2,4,100,4,0,0,0,11.11,96.15,107.26,47,48,49.47,34,37,47.89,27,26,50.94,7,0,13,11,0,11,26,32,44.83,0,3,0,0,0,6,8934
<a href='https://www.sihf.ch/de/game-center/game/#/20221105000103' target='_blank'>2021-10-22</a>,National League,HCFG,SCRJ,away,Regular Season,Christian Dubé,Stefan Hedlund,,0,51.78,29.06,19.17,60,4,5,-1,55.9,3,5,-2,2,50,2.1,1,0,1,1,100,2,0,0,0,16,73.68,89.68,39,44,46.99,35,29,54.69,25,19,56.82,10,0,4,10,0,15,31,25,55.36,0,1,0,0,0,2,3615
<a href='https://www.sihf.ch/de/game-center/game/#/20221105000097' target='_blank'>2021-10-19</a>,National League,HCFG,SCB,home,Regular Season,Christian Dubé,Johan Lundskog,,3,11.94,31.14,56.92,60,5,3,2,43.9,5,1,4,5,0,9,0,0,0,3,33.33,7.1,0,2,-2,9.76,82.35,92.11,87,38,69.6,57,24,70.37,42,17,71.19,14,1,30,7,0,14,35,26,57.38,0,7,1,0,1,39,8934
<a href='https://www.sihf.ch/de/game-center/game/#/20221105000089' target='_blank'>2021-10-16</a>,National League,HCFG,HCA,away,Regular Season,Christian Dubé,Gary Sheehan,,3,80.06,19.94,0,60,5,0,5,45.3,5,0,5,4,0,6.7,0,0,0,4,100,8,0,0,0,15.62,100,115.62,58,36,61.7,45,27,62.5,32,22,59.26,13,0,13,3,2,9,28,23,54.9,0,4,0,0,0,8,4005
<a href='https://www.sihf.ch/de/game-center/game/#/20221105000086' target='_blank'>2021-10-15</a>,National League,HCFG,GSHC,home,Regular Season,Christian Dubé,Patrick Emond,,3,76.17,23.83,0,60,2,0,2,46.9,2,0,2,3,0,5.6,0,0,0,4,100,7.6,0,0,0,8,100,108,51,63,44.74,34,48,41.46,25,33,43.1,9,0,17,15,0,15,19,27,41.3,0,6,0,0,0,12,7864
<a href='https://www.sihf.ch/de/game-center/game/#/20221105000081' target='_blank'>2021-10-09</a>,National League,HCFG,LHC,away,Regular Season,Christian Dubé,John Fust,,3,51.94,48.06,0,60,3,1,2,48.9,1,0,1,2,100,2.8,2,0,2,5,80,8.2,0,1,-1,12.5,96.67,109.17,43,62,40.95,33,38,46.48,24,30,44.44,8,1,10,7,1,24,24,30,44.44,0,6,0,0,0,12,7329
<a href='https://www.sihf.ch/de/game-center/game/#/20221105000076' target='_blank'>2021-10-08</a>,National League,HCFG,HCA,home,Regular Season,Christian Dubé,Gary Sheehan,,3,37.39,58.11,4.5,60,4,1,3,54,4,1,3,2,0,4,0,0,0,1,100,2,0,0,0,7.89,96.67,104.56,87,55,61.27,52,43,54.74,39,30,56.52,13,0,35,11,2,12,31,28,52.54,0,2,0,0,0,4,8079
<a href='https://www.sihf.ch/de/game-center/game/#/20221105000069' target='_blank'>2021-10-02</a>,National League,HCFG,HCD,home,Regular Season,Christian Dubé,Christian Wohlwend,,3,97.58,2.42,0,60,6,3,3,50.9,6,3,3,4,0,5.9,0,0,0,2,100,3.2,0,0,0,13.95,88.89,102.84,69,51,57.5,59,39,60.2,43,27,61.43,16,0,10,12,0,12,34,23,59.65,0,2,0,0,0,4,7563
<a href='https://www.sihf.ch/de/game-center/game/#/20221105000065' target='_blank'>2021-10-01</a>,National League,HCFG,SCLT,away,Regular Season,Christian Dubé,Jason O'Leary,,3,18.86,47.03,34.11,60,3,1,2,53.3,3,1,2,3,0,4.4,0,0,0,2,100,2.4,0,0,0,8.82,96,104.82,68,45,60.18,39,32,54.93,34,25,57.63,5,0,29,7,0,13,30,28,51.72,0,4,0,0,0,8,4582
<a href='https://www.sihf.ch/de/game-center/game/#/20221105000056' target='_blank'>2021-09-28</a>,National League,HCFG,HCL,home,Regular Season,Christian Dubé,Chris McSorley,,3,27.39,49.28,23.33,60,3,2,1,51.2,2,2,0,2,50,2.8,1,0,1,3,100,6,0,0,0,11.54,90,101.54,56,44,56,41,27,60.29,26,20,56.52,14,1,15,7,0,17,31,31,50,0,3,0,0,0,6,6613
<a href='https://www.sihf.ch/de/game-center/game/#/20221105000052' target='_blank'>2021-09-25</a>,National League,HCFG,ZSC,home,Regular Season,Christian Dubé,Rikard Grönborg,,3,28.72,71.28,0,60,1,0,1,52.6,1,0,1,2,0,3.7,0,0,0,2,100,3.7,0,0,0,2.78,100,102.78,52,49,51.49,41,35,53.95,36,28,56.25,5,0,11,6,1,14,26,31,45.61,0,2,0,0,0,4,7012
<a href='https://www.sihf.ch/de/game-center/game/#/20221105000044' target='_blank'>2021-09-24</a>,National League,HCFG,GSHC,away,Regular Season,Christian Dubé,Patrick Emond,,3,96.58,3.42,0,60,3,1,2,49.2,3,0,3,2,0,4,0,0,0,4,75,6.8,0,1,-1,10.71,95.24,105.95,54,52,50.94,36,35,50.7,28,21,57.14,8,0,18,14,0,17,31,22,58.49,0,4,0,0,0,8,4712
<a href='https://www.sihf.ch/de/game-center/game/#/20221105000041' target='_blank'>2021-09-21</a>,National League,HCFG,LHC,home,Regular Season,Christian Dubé,John Fust,,0,3.33,39.56,57.11,60,2,5,-3,49.6,0,4,-4,3,66.67,4.4,2,1,1,3,100,6,0,0,0,8,86.11,94.11,45,53,45.92,35,41,46.05,25,36,40.98,9,1,10,5,0,12,27,26,50.94,0,4,0,0,0,8,6520
<a href='https://www.sihf.ch/de/game-center/game/#/20221105000036' target='_blank'>2021-09-18</a>,National League,HCFG,EVZ,away,Regular Season,Christian Dubé,Dan Tangnes,OT,1,5.48,94.52,0,63,1,2,-1,50.9,0,2,-2,5,20,8.6,1,0,1,2,100,3.5,0,0,0,2.63,92.31,94.94,70,49,58.82,46,36,56.1,38,26,59.38,8,0,24,10,0,13,30,26,53.57,0,2,0,0,0,4,6748
<a href='https://www.sihf.ch/de/game-center/game/#/20221105000020' target='_blank'>2021-09-14</a>,National League,HCFG,EHCB,away,Regular Season,Christian Dubé,Antti Törmänen,OT,1,84.19,15.81,0,61.1,3,4,-1,38.8,1,2,-1,5,40,8,2,0,2,9,77.78,14.3,0,2,-2,9.68,89.74,99.42,44,84,34.38,38,59,39.18,31,39,44.29,6,1,6,18,2,25,30,32,48.39,0,11,0,0,0,22,4338
<a href='https://www.sihf.ch/de/game-center/game/#/20221105000013' target='_blank'>2021-09-11</a>,National League,HCFG,HCAP,away,Regular Season,Christian Dubé,Luca Cereda,,0,0,2.33,97.67,60,2,6,-4,43.6,1,5,-4,5,0,10,0,0,0,4,75,6.4,1,1,0,5.26,81.25,86.51,57,50,53.27,48,41,53.93,38,32,54.29,10,0,9,9,0,9,36,27,57.14,0,5,0,0,0,10,6775
<a href='https://www.sihf.ch/de/game-center/game/#/20221105000009' target='_blank'>2021-09-10</a>,National League,HCFG,SCRJ,home,Regular Season,Christian Dubé,Stefan Hedlund,,3,85.72,14.28,0,60,3,1,2,48.4,2,1,1,4,25,6.1,1,0,1,3,100,5.6,0,0,0,6.06,96.55,102.61,60,54,52.63,49,37,56.98,34,29,53.97,13,2,11,8,0,17,31,24,56.36,0,3,0,0,0,6,6579
<a href='https://www.sihf.ch/de/game-center/game/#/20221105000002' target='_blank'>2021-09-07</a>,National League,HCFG,SCB,away,Regular Season,Christian Dubé,Johan Lundskog,,3,89.19,10.81,0,60,6,3,3,49.9,5,3,2,3,33.33,5.6,1,0,1,3,100,4.5,0,0,0,11.43,90.32,101.75,65,67,49.24,49,49,50,37,31,54.41,11,1,16,16,2,18,29,30,49.15,0,4,0,0,0,8,12700
<a href='https://www.sihf.ch/de/game-center/game/#/20211105000339' target='_blank'>2021-04-21</a>,National League,HCFG,GSHC,home,Playoffs,Christian Dubé,Patrick Emond,,0,0,4.78,95.22,60,0,5,-5,46.2,0,4,-4,3,0,5.4,0,0,0,6,83.33,8.4,0,1,-1,0,89.13,89.13,65,69,48.51,35,49,41.67,28,46,37.84,5,2,30,2,1,20,21,32,39.62,0,6,0,0,0,12,50
<a href='https://www.sihf.ch/de/game-center/game/#/20211105000335' target='_blank'>2021-04-19</a>,National League,HCFG,GSHC,away,Playoffs,Christian Dubé,Patrick Emond,,0,0,7.5,92.5,60,0,4,-4,45.8,0,3,-3,4,0,7.6,0,0,0,4,75,6.6,0,1,-1,0,87.5,87.5,69,36,65.71,50,26,65.79,37,25,59.68,11,2,19,1,0,10,26,26,50,0,4,0,0,0,8,50
<a href='https://www.sihf.ch/de/game-center/game/#/20211105000331' target='_blank'>2021-04-17</a>,National League,HCFG,GSHC,home,Playoffs,Christian Dubé,Patrick Emond,,0,5.22,29.97,64.81,60,3,8,-5,43,2,5,-3,6,16.67,11.2,1,0,1,6,50,5.8,0,3,-3,6.67,76.47,83.14,81,53,60.45,53,40,56.99,45,34,56.96,7,1,28,5,1,13,25,30,45.45,0,5,0,1,0,20,0
<a href='https://www.sihf.ch/de/game-center/game/#/20211105000327' target='_blank'>2021-04-15</a>,National League,HCFG,GSHC,away,Playoffs,Christian Dubé,Patrick Emond,,0,0,30.67,69.33,60,1,3,-2,53.6,1,2,-1,2,0,2.7,0,0,0,3,66.67,3.7,0,1,-1,2.94,93.94,96.88,71,49,59.17,43,35,55.13,34,34,50,8,1,28,1,0,14,29,25,53.7,0,5,0,0,0,10,0
<a href='https://www.sihf.ch/de/game-center/game/#/20211105000323' target='_blank'>2021-04-13</a>,National League,HCFG,GSHC,home,Playoffs,Christian Dubé,Patrick Emond,,3,68.36,31.64,0,60,2,1,1,54.4,2,1,1,4,0,4.8,0,0,0,2,100,0.8,0,0,0,5.71,95.83,101.55,72,55,56.69,43,29,59.72,35,24,59.32,6,2,29,4,1,26,23,19,54.76,0,2,0,0,0,4,0
<a href='https://www.sihf.ch/de/game-center/game/#/20211105000031' target='_blank'>2021-04-05</a>,National League,HCFG,HCAP,away,Regular Season,Christian Dubé,Luca Cereda,,3,25.03,52.39,22.58,60,3,2,1,51.2,2,1,1,3,33.33,4.2,1,0,1,3,66.67,4.5,0,1,-1,9.09,91.3,100.4,77,49,61.11,49,33,59.76,33,23,58.93,15,1,28,9,1,16,34,17,66.67,0,3,0,0,0,6,0
<a href='https://www.sihf.ch/de/game-center/game/#/20211105000024' target='_blank'>2021-04-01</a>,National League,HCFG,EVZ,away,Regular Season,Christian Dubé,Dan Tangnes,,0,0,70.47,29.53,60,0,4,-4,49.3,0,2,-2,2,0,2.2,0,0,0,6,66.67,8.5,0,2,-2,0,92,92,44,72,37.93,28,55,33.73,26,50,34.21,2,0,16,5,0,17,23,34,40.35,0,6,0,0,0,12,0
<a href='https://www.sihf.ch/de/game-center/game/#/20211105000014' target='_blank'>2021-03-30</a>,National League,HCFG,SCLT,home,Regular Season,Christian Dubé,Rikard Franzén,,3,82.56,17.44,0,60,6,2,4,47.2,4,2,2,7,28.57,7.1,2,0,2,3,100,5.6,0,0,0,15.79,89.47,105.26,77,43,64.17,58,30,65.91,38,19,66.67,18,2,19,11,0,13,27,13,67.5,0,4,0,0,0,8,0
<a href='https://www.sihf.ch/de/game-center/game/#/20211105000009' target='_blank'>2021-03-27</a>,National League,HCFG,GSHC,away,Regular Season,Christian Dubé,Patrick Emond,,3,96.22,3.78,0,60,3,2,1,48.2,3,1,2,2,0,4,0,0,0,4,75,7.8,0,1,-1,33.33,94.59,127.93,29,83,25.89,16,57,21.92,9,37,19.57,7,0,13,19,1,26,23,24,48.94,0,5,0,0,0,10,0
<a href='https://www.sihf.ch/de/game-center/game/#/20211105000003' target='_blank'>2021-03-26</a>,National League,HCFG,LHC,home,Regular Season,Christian Dubé,Craig MacTavish,SO,2,46.54,53.46,0,65,2,1,1,56.3,0,1,-1,4,25,4.1,1,0,1,3,100,4.7,0,0,0,4.17,96.88,101.04,55,82,40.15,32,52,38.1,24,32,42.86,7,1,23,17,3,30,21,31,40.38,0,4,0,0,0,8,0
<a href='https://www.sihf.ch/de/game-center/game/#/20211105000274' target='_blank'>2021-03-23</a>,National League,HCFG,EVZ,home,Regular Season,Christian Dubé,Dan Tangnes,,0,8.33,16.31,75.36,60,5,7,-2,50.5,4,7,-3,2,50,3.5,1,0,1,3,100,6,0,0,0,11.63,83.78,95.41,72,63,53.33,56,49,53.33,43,38,53.09,12,1,16,10,1,14,22,38,36.67,0,3,0,0,0,6,0
<a href='https://www.sihf.ch/de/game-center/game/#/20211105000291' target='_blank'>2021-03-13</a>,National League,HCFG,LHC,away,Regular Season,Christian Dubé,Craig MacTavish,,3,71.11,28.89,0,60,2,1,1,50.9,1,1,0,5,0,4.8,0,0,0,3,100,4.4,1,0,1,6.25,96.97,103.22,56,72,43.75,44,48,47.83,32,33,49.23,11,1,12,15,0,24,30,27,52.63,0,4,0,0,0,8,0
<a href='https://www.sihf.ch/de/game-center/game/#/20211105000287' target='_blank'>2021-03-12</a>,National League,HCFG,GSHC,home,Regular Season,Christian Dubé,Patrick Emond,,0,0,35.25,64.75,60,1,2,-1,48,1,2,-1,3,0,6,0,0,0,3,100,6,0,0,0,2.38,93.94,96.32,67,58,53.6,50,44,53.19,42,33,56,8,0,17,11,0,14,22,34,39.29,0,4,0,0,0,8,0
<a href='https://www.sihf.ch/de/game-center/game/#/20211105000223' target='_blank'>2021-03-05</a>,National League,HCFG,GSHC,away,Regular Season,Christian Dubé,Patrick Emond,,0,0,22.58,77.42,60,0,3,-3,44,0,3,-3,6,0,12,0,0,0,2,100,4,0,0,0,0,85,85,74,34,68.52,52,25,67.53,42,20,67.74,10,0,22,5,0,9,23,24,48.94,0,2,0,0,0,4,0
<a href='https://www.sihf.ch/de/game-center/game/#/20211105000245' target='_blank'>2021-03-02</a>,National League,HCFG,LHC,away,Regular Season,Christian Dubé,Craig MacTavish,SO,2,59.74,37.77,2.49,65,5,4,1,58.3,3,3,0,2,50,2.5,1,0,1,3,66.67,4.2,0,1,-1,8.16,90.48,98.64,74,76,49.33,55,55,50,49,42,53.85,6,0,19,12,1,21,30,34,46.88,0,5,0,1,0,20,0
<a href='https://www.sihf.ch/de/game-center/game/#/20211105000277' target='_blank'>2021-02-26</a>,National League,HCFG,HCD,away,Regular Season,Christian Dubé,Christian Wohlwend,,0,20.81,47.03,32.17,60,2,5,-3,46.8,1,4,-3,4,25,6,1,0,1,4,75,7.2,0,1,-1,4.65,84.85,89.5,71,64,52.59,50,47,51.55,43,33,56.58,6,1,21,14,0,17,24,36,40,0,4,0,0,0,8,0
<a href='https://www.sihf.ch/de/game-center/game/#/20211105000266' target='_blank'>2021-02-20</a>,National League,HCFG,EHCB,away,Regular Season,Christian Dubé,Lars Leuenberger,,3,55.78,25.92,18.31,60,4,1,3,47.1,3,1,2,4,25,5.4,1,0,1,5,100,7.5,0,0,0,18.18,97.22,115.4,44,84,34.38,36,52,40.91,22,36,37.93,14,0,8,16,0,32,30,24,55.56,0,5,0,0,0,10,0
<a href='https://www.sihf.ch/de/game-center/game/#/20211105000260' target='_blank'>2021-02-19</a>,National League,HCFG,HCAP,home,Regular Season,Christian Dubé,Luca Cereda,,3,97.97,2.03,0,60,3,1,2,46.4,2,0,2,4,25,4.8,1,0,1,5,80,8.8,0,1,-1,10,94.74,104.74,58,41,58.59,45,32,58.44,30,19,61.22,14,1,13,11,2,9,20,29,40.82,0,6,0,0,0,12,0
<a href='https://www.sihf.ch/de/game-center/game/#/20211105000255' target='_blank'>2021-02-16</a>,National League,HCFG,SCRJ,away,Regular Season,Christian Dubé,Jeff Tomlinson,,3,96.53,3.47,0,60,9,3,6,45.3,7,3,4,5,40,6.6,2,0,2,5,100,8.2,0,0,0,25.71,91.18,116.89,54,57,48.65,39,45,46.43,35,34,50.72,4,0,15,10,1,12,32,26,55.17,0,5,0,0,0,10,0
<a href='https://www.sihf.ch/de/game-center/game/#/20211105000307' target='_blank'>2021-02-14</a>,National League,HCFG,EHCB,home,Regular Season,Christian Dubé,Lars Leuenberger,,0,7.19,60.42,32.39,60,2,4,-2,50.8,1,3,-2,2,50,3.1,1,0,1,4,75,6.1,0,1,-1,8.7,90.62,99.32,59,65,47.58,46,47,49.46,23,33,41.07,22,1,13,14,0,18,25,28,47.17,0,5,0,0,0,10,0
<a href='https://www.sihf.ch/de/game-center/game/#/20211105000165' target='_blank'>2021-02-12</a>,National League,HCFG,HCL,away,Regular Season,Christian Dubé,Serge Pelletier,OT,1,19.7,80.3,0,65,2,3,-1,54.9,2,1,1,2,0,3.6,0,0,0,4,50,6.5,0,2,-2,5.56,90.62,96.18,63,67,48.46,48,46,51.06,36,32,52.94,11,1,15,13,1,21,26,36,41.94,0,4,0,0,0,8,0
<a href='https://www.sihf.ch/de/game-center/game/#/20211105000247' target='_blank'>2021-02-09</a>,National League,HCFG,SCB,home,Regular Season,Christian Dubé,Mario Kogler,,3,87.58,12.42,0,60,4,1,3,46.2,3,0,3,4,25,6,1,0,1,4,75,7.8,0,1,-1,9.38,97.14,106.52,61,61,50,45,47,48.91,33,35,48.53,11,1,16,12,0,14,35,22,61.4,0,4,0,0,0,8,0
<a href='https://www.sihf.ch/de/game-center/game/#/20211105000297' target='_blank'>2021-02-07</a>,National League,HCFG,ZSC,home,Regular Season,Christian Dubé,Rikard Grönborg,,3,42.22,41.11,16.67,60,4,2,2,51,4,0,4,1,0,2,0,0,0,5,60,7,0,2,-2,16,93.55,109.55,47,63,42.73,38,42,47.5,25,31,44.64,12,1,9,10,1,21,33,25,56.9,1,5,0,0,0,10,0
<a href='https://www.sihf.ch/de/game-center/game/#/20211105000237' target='_blank'>2021-02-02</a>,National League,HCFG,HCL,home,Regular Season,Christian Dubé,Serge Pelletier,,0,64.5,22.19,13.31,60,1,2,-1,46.1,0,2,-2,3,33.33,5.9,1,0,1,4,100,8,0,0,0,3.57,92.86,96.43,60,57,51.28,39,38,50.65,28,28,50,10,1,21,9,1,19,28,24,53.85,0,4,0,0,0,8,0
<a href='https://www.sihf.ch/de/game-center/game/#/20211105000061' target='_blank'>2021-01-31</a>,National League,HCFG,HCD,home,Regular Season,Christian Dubé,Christian Wohlwend,,3,85.31,14.69,0,60,7,6,1,49.4,5,4,1,3,66.67,3.8,2,0,2,4,50,6.9,0,2,-2,20,81.25,101.25,58,57,50.43,48,41,53.93,35,32,52.24,12,1,10,8,1,16,28,52,35,0,5,0,0,0,10,0
<a href='https://www.sihf.ch/de/game-center/game/#/20211105000170' target='_blank'>2021-01-28</a>,National League,HCFG,SCB,away,Regular Season,Christian Dubé,Mario Kogler,,3,73.08,26.92,0,60,6,5,1,46.7,4,5,-1,4,50,5.3,2,0,2,4,100,8,0,0,0,25,87.5,112.5,42,84,33.33,31,64,32.63,24,40,37.5,7,0,11,23,1,20,41,17,70.69,0,4,0,0,0,8,0
<a href='https://www.sihf.ch/de/game-center/game/#/20211105000117' target='_blank'>2021-01-24</a>,National League,HCFG,ZSC,home,Regular Season,Christian Dubé,Rikard Grönborg,,0,0,2.47,97.53,60,0,5,-5,38.2,0,3,-3,6,0,11.6,0,0,0,7,71.43,10.2,0,2,-2,0,83.87,83.87,59,50,54.13,33,42,44,26,31,45.61,7,0,26,9,2,8,31,29,51.67,0,6,0,0,0,12,0
<a href='https://www.sihf.ch/de/game-center/game/#/20211105000221' target='_blank'>2021-01-22</a>,National League,HCFG,GSHC,home,Regular Season,Christian Dubé,Patrick Emond,,3,97.03,2.97,0,60,3,2,1,50.6,2,2,0,2,50,3.4,1,0,1,3,100,6,0,0,0,10.71,95.35,106.06,49,70,41.18,37,56,39.78,28,43,39.44,8,1,12,9,4,14,27,26,50.94,0,3,0,0,0,6,0
<a href='https://www.sihf.ch/de/game-center/game/#/20211105000215' target='_blank'>2021-01-19</a>,National League,HCFG,ZSC,away,Regular Season,Christian Dubé,Rikard Grönborg,OT,1,0,89.52,10.48,61.6,2,3,-1,52.2,2,2,0,2,0,2.8,0,0,0,4,75,6.6,0,1,-1,5.26,85.71,90.98,54,54,50,47,34,58.02,38,21,64.41,7,2,7,13,0,20,25,40,38.46,1,4,0,0,0,8,0
<a href='https://www.sihf.ch/de/game-center/game/#/20211105000080' target='_blank'>2021-01-17</a>,National League,HCFG,GSHC,home,Regular Season,Christian Dubé,Patrick Emond,,0,0,36.31,63.69,60,1,4,-3,54,1,4,-3,1,0,2,0,0,0,2,100,4,0,0,0,3.23,90.91,94.13,55,55,50,39,43,47.56,31,34,47.69,8,0,16,8,1,12,27,28,49.09,0,2,0,0,0,4,0
<a href='https://www.sihf.ch/de/game-center/game/#/20211105000207' target='_blank'>2021-01-15</a>,National League,HCFG,SCRJ,home,Regular Season,Christian Dubé,Jeff Tomlinson,,3,65.11,34.89,0,60,5,2,3,48.2,5,1,4,6,0,8.9,0,0,0,3,66.67,2.9,0,1,-1,12.5,91.3,103.8,73,39,65.18,55,28,66.27,40,23,63.49,12,3,18,4,1,11,38,16,70.37,0,3,0,0,0,6,0
<a href='https://www.sihf.ch/de/game-center/game/#/20211105000202' target='_blank'>2021-01-12</a>,National League,HCFG,HCD,home,Regular Season,Christian Dubé,Christian Wohlwend,OT,2,0,8.69,91.31,64.6,7,6,1,50.6,4,4,0,6,50,7.6,3,1,2,4,75,6.4,0,1,-1,11.29,82.35,93.64,101,59,63.12,81,43,65.32,62,34,64.58,16,3,20,9,0,16,45,31,59.21,0,5,0,1,0,20,0
<a href='https://www.sihf.ch/de/game-center/game/#/20211105000092' target='_blank'>2021-01-10</a>,National League,HCFG,EVZ,home,Regular Season,Christian Dubé,Dan Tangnes,,0,0,13.19,86.81,60,2,3,-1,50.3,2,3,-1,3,0,5.7,0,0,0,2,100,4,0,0,0,5.71,84.21,89.92,72,40,64.29,46,28,62.16,35,19,64.81,10,1,26,9,0,12,25,22,53.19,0,2,0,0,0,4,0
<a href='https://www.sihf.ch/de/game-center/game/#/20211105000198' target='_blank'>2021-01-08</a>,National League,HCFG,EVZ,away,Regular Season,Christian Dubé,Dan Tangnes,,0,0,21.72,78.28,60,3,6,-3,45.6,3,3,0,4,0,7.1,0,0,0,6,50,7.3,0,3,-3,8.57,85.37,93.94,53,65,44.92,37,46,44.58,35,41,46.05,1,1,16,5,0,19,23,40,36.51,0,6,0,1,0,22,0
<a href='https://www.sihf.ch/de/game-center/game/#/20211105000188' target='_blank'>2021-01-05</a>,National League,HCFG,EHCB,home,Regular Season,Christian Dubé,Lars Leuenberger,,3,56.28,31.33,12.39,60,4,1,3,50,1,0,1,5,60,6.2,3,0,3,2,50,3.8,0,1,-1,10.81,96.43,107.24,63,62,50.4,46,38,54.76,37,28,56.92,9,0,17,9,1,24,26,24,52,0,2,0,0,0,4,0
<a href='https://www.sihf.ch/de/game-center/game/#/20211105000181' target='_blank'>2021-01-02</a>,National League,HCFG,HCAP,away,Regular Season,Christian Dubé,Luca Cereda,,0,0,28.97,71.03,60,0,5,-5,48,0,4,-4,4,0,8,0,1,-1,2,100,4,0,0,0,0,88.37,88.37,63,66,48.84,39,50,43.82,30,43,41.1,8,1,24,7,0,16,31,42,42.47,0,2,0,0,0,4,0
<a href='https://www.sihf.ch/de/game-center/game/#/20211105000152' target='_blank'>2020-12-27</a>,National League,HCFG,EHCB,away,Regular Season,Christian Dubé,Lars Leuenberger,,3,68.92,31.08,0,60,3,1,2,52.2,2,1,1,1,100,0.4,1,0,1,4,100,7.4,0,0,0,11.54,97.87,109.41,40,83,32.52,29,58,33.33,26,47,35.62,3,0,11,10,1,25,22,26,45.83,0,4,0,0,0,8,0
<a href='https://www.sihf.ch/de/game-center/game/#/20211105000175' target='_blank'>2020-12-23</a>,National League,HCFG,LHC,home,Regular Season,Christian Dubé,Craig MacTavish,,3,59.14,40.86,0,60,3,2,1,49.6,2,1,1,4,25,4.3,1,0,1,4,75,6.1,0,1,-1,6.06,96.15,102.21,52,85,37.96,45,62,42.06,34,52,39.53,11,0,7,9,1,23,21,29,42,0,4,0,0,0,8,0
<a href='https://www.sihf.ch/de/game-center/game/#/20211105000232' target='_blank'>2020-12-15</a>,National League,HCFG,SCLT,away,Regular Season,Christian Dubé,Rikard Franzén,,3,89.94,10.06,0,60,5,0,5,43.3,2,0,2,6,50,8.7,3,0,3,4,100,8,0,0,0,14.29,100,114.29,62,47,56.88,49,32,60.49,35,29,54.69,13,1,13,2,1,15,27,28,49.09,0,4,0,0,0,8,0
<a href='https://www.sihf.ch/de/game-center/game/#/20211105000136' target='_blank'>2020-12-13</a>,National League,HCFG,HCD,away,Regular Season,Christian Dubé,Christian Wohlwend,,3,85.92,14.08,0,60,5,2,3,43.5,3,2,1,5,40,6.9,2,0,2,8,100,9.7,0,0,0,15.62,95,110.62,53,60,46.9,38,48,44.19,32,40,44.44,6,0,15,8,0,12,29,38,43.28,0,7,0,0,0,14,0
<a href='https://www.sihf.ch/de/game-center/game/#/20211105000159' target='_blank'>2020-12-11</a>,National League,HCFG,SCLT,home,Regular Season,Christian Dubé,Rikard Franzén,,3,54.06,34,11.94,60,4,1,3,42.1,2,0,2,5,40,9.2,2,0,2,5,80,8.7,0,1,-1,9.52,95.65,105.18,81,43,65.32,52,35,59.77,42,23,64.62,9,1,29,12,0,8,25,23,52.08,0,5,0,0,0,10,0
<a href='https://www.sihf.ch/de/game-center/game/#/20211105000076' target='_blank'>2020-12-08</a>,National League,HCFG,GSHC,away,Regular Season,Christian Dubé,Patrick Emond,SO,1,0,65.67,34.33,65,3,4,-1,55.5,2,2,0,3,33.33,5.2,1,0,1,3,66.67,4.3,0,1,-1,7.89,91.89,99.79,59,60,49.58,47,45,51.09,38,37,50.67,7,2,12,8,0,15,24,24,50,0,4,0,0,0,8,0
<a href='https://www.sihf.ch/de/game-center/game/#/20211105000139' target='_blank'>2020-11-28</a>,National League,HCFG,LHC,home,Regular Season,Christian Dubé,John Fust,,0,0,48.86,51.14,60,1,2,-1,50,1,2,-1,2,0,4,0,0,0,3,100,6,0,0,0,3.03,95.12,98.15,63,67,48.46,42,53,44.21,33,41,44.59,8,1,21,12,0,14,30,22,57.69,0,3,0,0,0,6,0
<a href='https://www.sihf.ch/de/game-center/game/#/20211105000072' target='_blank'>2020-11-24</a>,National League,HCFG,LHC,away,Regular Season,Christian Dubé,Craig MacTavish,,0,0,10.14,89.86,60,1,6,-5,56,1,6,-5,1,0,2,0,0,0,1,100,2,0,0,0,2.38,76.92,79.3,81,51,61.36,53,33,61.63,42,26,61.76,11,0,28,7,0,18,31,26,54.39,0,1,0,1,0,12,0
<a href='https://www.sihf.ch/de/game-center/game/#/20211105000146' target='_blank'>2020-11-20</a>,National League,HCFG,EHCB,home,Regular Season,Christian Dubé,Lars Leuenberger,,3,80.03,19.97,0,60,4,1,3,48.4,4,1,3,4,0,5.9,0,0,0,4,100,5.7,0,0,0,9.38,96.77,106.15,62,67,48.06,39,44,46.99,33,31,51.56,6,0,23,12,1,23,23,21,52.27,0,4,0,0,0,8,0
<a href='https://www.sihf.ch/de/game-center/game/#/20211105000131' target='_blank'>2020-11-17</a>,National League,HCFG,HCL,away,Regular Season,Christian Dubé,Serge Pelletier,OT,1,0,34.12,65.88,60.5,4,5,-1,49.1,3,3,0,4,25,6.7,1,1,0,3,66.67,4.7,0,1,-1,16,82.14,98.14,59,64,47.97,37,43,46.25,25,28,47.17,12,0,22,13,2,21,28,28,50,0,3,0,0,0,6,30
<a href='https://www.sihf.ch/de/game-center/game/#/20211105000121' target='_blank'>2020-11-14</a>,National League,HCFG,EHCB,home,Regular Season,Christian Dubé,Lars Leuenberger,,3,78.22,21.78,0,60,3,1,2,53.3,3,0,3,2,0,2.4,0,0,0,3,66.67,4.3,0,1,-1,10.71,97.37,108.08,42,65,39.25,34,47,41.98,28,38,42.42,6,0,8,9,0,18,35,23,60.34,0,3,0,0,0,6,0
<a href='https://www.sihf.ch/de/game-center/game/#/20211105000112' target='_blank'>2020-11-13</a>,National League,HCFG,SCRJ,away,Regular Season,Christian Dubé,Jeff Tomlinson,,0,0,37.83,62.17,60,1,4,-3,52.2,1,2,-1,3,0,5.3,0,0,0,3,33.33,2.5,0,2,-2,2.86,86.67,89.52,63,48,56.76,47,36,56.63,35,30,53.85,10,2,16,6,0,12,26,26,50,0,3,0,0,0,6,50
<a href='https://www.sihf.ch/de/game-center/game/#/20211105000105' target='_blank'>2020-11-10</a>,National League,HCFG,HCAP,home,Regular Season,Christian Dubé,Luca Cereda,,3,77.53,22.47,0,60,4,2,2,44.3,4,2,2,4,0,8,0,0,0,4,100,7.7,0,0,0,13.79,92.59,106.39,40,44,47.62,33,36,47.83,29,27,51.79,4,0,7,9,0,8,28,31,47.46,0,4,0,0,0,8,0
<a href='https://www.sihf.ch/de/game-center/game/#/20211105000306' target='_blank'>2020-11-01</a>,National League,HCFG,LHC,away,Regular Season,Christian Dubé,Craig MacTavish,,0,0,15.42,84.58,60,1,6,-5,49.4,0,6,-6,2,50,2.6,1,0,1,4,100,8,0,0,0,4.17,88.89,93.06,47,88,34.81,30,64,31.91,24,54,30.77,5,1,17,10,0,24,26,35,42.62,0,4,0,0,0,8,50
<a href='https://www.sihf.ch/de/game-center/game/#/20211105000097' target='_blank'>2020-10-31</a>,National League,HCFG,SCB,away,Regular Season,Christian Dubé,Don Nachbaur,,3,2.92,64.08,33,60,2,1,1,54.5,2,1,1,1,0,0.8,0,0,0,3,100,4.8,0,0,0,6.9,97.73,104.62,46,74,38.33,35,55,38.89,29,44,39.73,6,0,11,11,0,19,27,33,45,0,3,0,0,0,6,0
<a href='https://www.sihf.ch/de/game-center/game/#/20211105000090' target='_blank'>2020-10-27</a>,National League,HCFG,SCLT,away,Regular Season,Christian Dubé,Rikard Franzén,OT,2,32.18,51.86,15.96,60.9,4,3,1,56.3,3,2,1,2,50,2.3,1,0,1,2,50,2.3,0,1,-1,13.79,92.31,106.1,41,73,35.96,34,61,35.79,29,39,42.65,5,0,7,21,1,12,21,42,33.33,0,2,0,0,0,4,0
<a href='https://www.sihf.ch/de/game-center/game/#/20211105000055' target='_blank'>2020-10-10</a>,National League,HCFG,HCL,home,Regular Season,Christian Dubé,Serge Pelletier,,3,67.69,32.31,0,60,4,2,2,51.8,2,2,0,4,50,4.2,2,0,2,2,100,4,0,0,0,9.68,95.12,104.8,54,72,42.86,43,50,46.24,32,41,43.84,10,1,11,8,1,22,31,33,48.44,0,2,0,0,0,4,5160
<a href='https://www.sihf.ch/de/game-center/game/#/20211105000051' target='_blank'>2020-10-09</a>,National League,HCFG,EHCB,away,Regular Season,Christian Dubé,Lars Leuenberger,,3,93.78,6.22,0,60,5,4,1,45.5,3,3,0,4,25,6.1,1,0,1,5,80,8.4,1,1,0,11.9,88.89,100.79,61,65,48.41,51,46,52.58,42,36,53.85,8,1,10,10,0,19,32,41,43.84,1,3,1,0,1,31,3777
<a href='https://www.sihf.ch/de/game-center/game/#/20211105000048' target='_blank'>2020-10-02</a>,National League,HCFG,ZSC,away,Regular Season,Christian Dubé,Rikard Grönborg,,0,17.69,18.61,63.69,60,2,5,-3,47.9,2,4,-2,3,0,4.3,0,0,0,5,80,7.8,0,1,-1,7.14,84.62,91.76,61,56,52.14,39,36,52,28,27,50.91,11,0,22,9,0,20,22,29,43.14,0,5,0,0,0,10,7243
<a href='https://www.sihf.ch/de/game-center/game/#/20211105000039' target='_blank'>2020-10-01</a>,National League,HCFG,SCRJ,home,Regular Season,Christian Dubé,Jeff Tomlinson,,3,76.58,23.42,0,60,2,1,1,54,2,1,1,3,0,6,0,0,0,0,,0,0,0,0,8,96.15,104.15,55,50,52.38,35,39,47.3,25,26,49.02,8,2,20,13,0,11,28,24,53.85,0,0,0,0,0,0,5160
<a href='https://www.sihf.ch/de/game-center/game/#/20201105000296' target='_blank'>2020-02-29</a>,National League,HCFG,GSHC,home,Regular Season,Christian Dubé,Patrick Emond,,0,0,27.56,72.44,60,1,6,-5,54.9,1,5,-4,0,,0,0,0,0,3,66.67,5.1,0,1,-1,4.76,86.96,91.72,34,63,35.05,27,55,32.93,21,46,31.34,6,0,7,8,1,8,23,22,51.11,0,3,0,0,1,26,
<a href='https://www.sihf.ch/de/game-center/game/#/20201105000290' target='_blank'>2020-02-28</a>,National League,HCFG,SCB,away,Regular Season,Christian Dubé,Hans Kossmann,OT,1,0,100,0,60.5,0,1,-1,54.5,0,1,-1,0,,0,0,0,0,3,100,6,0,0,0,0,97.37,97.37,41,75,35.34,33,50,39.76,19,38,33.33,14,0,8,12,0,25,16,28,36.36,0,4,0,0,0,8,
<a href='https://www.sihf.ch/de/game-center/game/#/20201105000040' target='_blank'>2020-02-25</a>,National League,HCFG,EVZ,home,Regular Season,Christian Dubé,Dan Tangnes,SO,2,0,80.67,19.33,65,2,1,1,49.5,1,1,0,8,0,12.6,0,0,0,2,100,3,0,0,0,2.63,96.55,99.18,72,48,60,53,35,60.23,38,29,56.72,14,1,19,5,1,13,23,29,44.23,0,3,0,0,0,6,6222
<a href='https://www.sihf.ch/de/game-center/game/#/20201105000287' target='_blank'>2020-02-22</a>,National League,HCFG,SCLT,away,Regular Season,Christian Dubé,Heinz Ehlers,,3,53.31,46.69,0,60,1,0,1,50,1,0,1,2,0,4,0,0,0,3,100,6,0,0,0,5,100,105,37,68,35.24,31,50,38.27,20,29,40.82,10,1,6,19,2,18,24,26,48,0,3,0,0,0,6,6000
<a href='https://www.sihf.ch/de/game-center/game/#/20201105000279' target='_blank'>2020-02-21</a>,National League,HCFG,HCL,home,Regular Season,Christian Dubé,Serge Pelletier,,3,13.47,17.75,68.78,60,6,3,3,53.1,5,2,3,3,33.33,4.6,1,0,1,2,50,2.4,0,1,-1,12.9,90.62,103.53,52,55,48.6,44,42,51.16,33,32,50.77,11,0,8,10,0,13,38,22,63.33,0,2,0,0,0,4,6500
<a href='https://www.sihf.ch/de/game-center/game/#/20201105000029' target='_blank'>2020-02-18</a>,National League,HCFG,LHC,away,Regular Season,Christian Dubé,Ville Peltonen,,3,68.19,31.81,0,60,3,2,1,53,2,2,0,1,100,1,1,0,1,3,100,6,0,0,0,14.29,92.31,106.59,28,64,30.43,22,44,33.33,15,26,36.59,7,0,6,18,0,20,22,22,50,0,3,0,0,0,6,9600
<a href='https://www.sihf.ch/de/game-center/game/#/20201105000276' target='_blank'>2020-02-15</a>,National League,HCFG,EVZ,away,Regular Season,Christian Dubé,Dan Tangnes,,0,0,51.42,48.58,60,0,5,-5,52.1,0,5,-5,2,0,3,0,0,0,3,100,5,0,0,0,0,84.38,84.38,43,62,40.95,30,51,37.04,18,32,36,12,0,13,18,1,11,21,35,37.5,0,4,0,0,0,8,7030
<a href='https://www.sihf.ch/de/game-center/game/#/20201105000267' target='_blank'>2020-02-14</a>,National League,HCFG,SCRJ,home,Regular Season,Christian Dubé,Jeff Tomlinson,,3,88.11,9.58,2.31,60,5,3,2,51,5,3,2,3,0,5,0,0,0,2,100,4,0,0,0,13.33,87.5,100.83,52,52,50,41,35,53.95,31,24,56.36,9,1,11,11,0,17,23,29,44.23,0,2,0,0,0,4,6069
<a href='https://www.sihf.ch/de/game-center/game/#/20201105000260' target='_blank'>2020-02-11</a>,National League,HCFG,EHCB,away,Regular Season,Christian Dubé,Antti Törmänen,SO,2,53.64,39.36,7,65,6,5,1,49,2,3,-1,5,40,8.4,2,0,2,5,60,7.6,1,2,-1,13.89,83.87,97.76,57,62,47.9,48,46,51.06,36,31,53.73,10,2,9,12,3,16,33,34,49.25,0,5,0,1,0,20,5924
<a href='https://www.sihf.ch/de/game-center/game/#/20201105000214' target='_blank'>2020-02-08</a>,National League,HCFG,LHC,away,Regular Season,Christian Dubé,Ville Peltonen,,3,85.17,14.83,0,60,6,4,2,46.1,2,1,1,6,66.67,7.3,4,0,4,6,50,6.6,0,3,-3,22.73,82.61,105.34,39,51,43.33,30,36,45.45,23,23,50,7,0,9,12,1,15,21,39,35,0,7,0,1,0,24,9600
<a href='https://www.sihf.ch/de/game-center/game/#/20201105000254' target='_blank'>2020-02-01</a>,National League,HCFG,GSHC,home,Regular Season,Christian Dubé,Patrick Emond,,0,0,37.39,62.61,60,0,3,-3,47.4,0,2,-2,4,0,7.5,0,0,0,3,66.67,5.1,0,1,-1,0,92.68,92.68,55,78,41.35,43,55,43.88,37,41,47.44,5,1,12,14,0,23,26,43,37.68,0,3,0,0,0,6,6500
<a href='https://www.sihf.ch/de/game-center/game/#/20201105000252' target='_blank'>2020-01-30</a>,National League,HCFG,ZSC,away,Regular Season,Christian Dubé,Rikard Grönborg,OT,2,0,85.9,14.1,63.2,2,1,1,54.7,1,1,0,2,50,2.5,1,0,1,3,100,6,0,0,0,7.41,97.22,104.63,49,81,37.69,42,55,43.3,27,36,42.86,15,0,7,16,3,26,24,30,44.44,0,4,0,0,0,8,8926
<a href='https://www.sihf.ch/de/game-center/game/#/20201105000244' target='_blank'>2020-01-25</a>,National League,HCFG,LHC,away,Regular Season,Christian Dubé,Ville Peltonen,,3,28.5,71.5,0,60,3,1,2,46.7,3,1,2,2,0,2.8,0,0,0,6,100,10.5,0,0,0,11.11,97.14,108.25,39,87,30.95,33,59,35.87,19,35,35.19,14,0,6,24,0,28,27,39,40.91,0,6,0,2,0,32,9600
<a href='https://www.sihf.ch/de/game-center/game/#/20201105000236' target='_blank'>2020-01-24</a>,National League,HCFG,HCAP,home,Regular Season,Christian Dubé,Luca Cereda,SO,2,0,55.97,44.03,65,3,2,1,55,2,2,0,4,0,8,0,0,0,1,100,2,0,0,0,5,92.31,97.31,85,59,59.03,60,49,55.05,40,26,60.61,20,0,25,23,0,10,23,48,32.39,0,1,0,0,0,2,6186
<a href='https://www.sihf.ch/de/game-center/game/#/20201105000230' target='_blank'>2020-01-18</a>,National League,HCFG,SCB,home,Regular Season,Christian Dubé,Kari Jalonen,OT,1,0,64.9,35.1,64.4,2,3,-1,52.8,1,3,-2,2,50,3.6,1,0,1,4,100,8,0,0,0,6.45,90.32,96.77,63,62,50.4,50,48,51.02,31,31,50,19,0,13,17,0,14,23,26,46.94,0,4,0,0,0,8,6500
<a href='https://www.sihf.ch/de/game-center/game/#/20201105000225' target='_blank'>2020-01-17</a>,National League,HCFG,HCD,away,Regular Season,Christian Dubé,Christian Wohlwend,,0,0,0.86,99.14,60,2,7,-5,46.8,1,6,-5,3,33.33,4.4,1,0,1,5,80,8.8,0,1,-1,6.67,84.09,90.76,51,67,43.22,43,58,42.57,30,44,40.54,10,3,8,13,1,9,23,26,46.94,0,5,0,0,0,10,4341
<a href='https://www.sihf.ch/de/game-center/game/#/20201105000220' target='_blank'>2020-01-11</a>,National League,HCFG,LHC,home,Regular Season,Christian Dubé,Ville Peltonen,,3,41.06,16.86,42.08,60,3,1,2,52,3,1,2,2,0,4,0,0,0,2,100,4,0,0,0,9.09,97.37,106.46,41,72,36.28,35,55,38.89,23,38,37.7,10,2,6,17,0,17,21,32,39.62,0,3,0,0,0,6,6500
<a href='https://www.sihf.ch/de/game-center/game/#/20201105000207' target='_blank'>2020-01-05</a>,National League,HCFG,SCLT,home,Regular Season,Christian Dubé,Heinz Ehlers,OT,2,0,32.85,67.15,63.2,5,4,1,51.2,4,2,2,3,33.33,5,1,0,1,4,50,7,0,2,-2,12.82,89.19,102.01,67,59,53.17,56,52,51.85,39,37,51.32,17,0,11,14,1,7,29,25,53.7,0,1,1,0,1,27,6500
<a href='https://www.sihf.ch/de/game-center/game/#/20201105000202' target='_blank'>2020-01-03</a>,National League,HCFG,HCL,away,Regular Season,Christian Dubé,Serge Pelletier,,0,0,16.25,83.75,60,2,4,-2,45.5,0,2,-2,5,40,8.1,2,1,1,4,75,6.4,0,1,-1,7.69,88.89,96.58,52,58,47.27,42,46,47.73,26,36,41.94,16,0,10,10,0,12,26,39,40,0,4,0,1,0,18,5879
<a href='https://www.sihf.ch/de/game-center/game/#/20201105000195' target='_blank'>2020-01-02</a>,National League,HCFG,EVZ,home,Regular Season,Christian Dubé,Dan Tangnes,,0,25.28,44.33,30.39,60,2,3,-1,50.3,1,2,-1,3,33.33,5.6,1,0,1,3,66.67,4.1,0,1,-1,6.25,90.32,96.57,72,47,60.5,58,42,58,32,31,50.79,24,2,14,10,1,5,29,34,46.03,0,3,0,0,0,6,6500
<a href='https://www.sihf.ch/de/game-center/game/#/20201105000189' target='_blank'>2019-12-23</a>,National League,HCFG,SCRJ,away,Regular Season,Christian Dubé,Jeff Tomlinson,OT,2,15.25,84.75,0,63.8,3,2,1,59.6,3,1,2,1,0,2,0,0,0,2,50,2.2,0,1,-1,10.71,93.55,104.26,69,54,56.1,54,48,52.94,28,31,47.46,26,0,15,17,0,6,36,30,54.55,0,2,0,0,0,4,4019
<a href='https://www.sihf.ch/de/game-center/game/#/20201105000184' target='_blank'>2019-12-21</a>,National League,HCFG,GSHC,away,Regular Season,Christian Dubé,Patrick Emond,,0,0,16.78,83.22,60,0,3,-3,51.9,0,2,-2,3,0,6,0,0,0,2,50,2.1,0,1,-1,0,91.67,91.67,60,42,58.82,48,35,57.83,39,25,60.94,8,1,12,10,0,7,24,28,46.15,0,3,0,0,0,6,6777
<a href='https://www.sihf.ch/de/game-center/game/#/20201105000176' target='_blank'>2019-12-20</a>,National League,HCFG,ZSC,home,Regular Season,Christian Dubé,Rikard Grönborg,,0,0,57.81,42.19,60,0,3,-3,47.4,0,2,-2,3,0,6,0,0,0,4,75,6.6,0,1,-1,0,93.18,93.18,39,65,37.5,25,54,31.65,18,44,29.03,7,0,14,10,0,11,22,36,37.93,0,4,0,1,0,18,6076
<a href='https://www.sihf.ch/de/game-center/game/#/20201105000170' target='_blank'>2019-12-17</a>,National League,HCFG,EHCB,home,Regular Season,Christian Dubé,Antti Törmänen,,3,89.36,10.64,0,60,3,2,1,49.2,2,1,1,5,20,8.2,1,0,1,2,50,2.6,0,1,-1,7.69,91.3,99,68,45,60.18,49,36,57.65,39,23,62.9,9,1,19,12,1,9,28,28,50,0,4,0,0,0,8,5744
<a href='https://www.sihf.ch/de/game-center/game/#/20201105000163' target='_blank'>2019-12-07</a>,National League,HCFG,SCB,away,Regular Season,Christian Dubé,Kari Jalonen,,0,9.5,59.03,31.47,60,2,4,-2,52.5,2,2,0,1,0,2,0,0,0,4,50,5.4,0,2,-2,7.41,88.89,96.3,56,58,49.12,42,43,49.41,27,28,49.09,15,0,14,13,2,15,14,25,35.9,0,4,0,0,0,8,16461
<a href='https://www.sihf.ch/de/game-center/game/#/20201105000158' target='_blank'>2019-12-06</a>,National League,HCFG,HCD,home,Regular Season,Christian Dubé,Christian Wohlwend,,3,52.67,47.33,0,60,3,1,2,46,2,1,1,5,20,6.5,1,0,1,5,100,7.6,0,0,0,14.29,95.45,109.74,46,48,48.94,38,37,50.67,21,22,48.84,17,0,8,15,0,11,26,26,50,0,5,0,0,0,10,6136
<a href='https://www.sihf.ch/de/game-center/game/#/20201105000008' target='_blank'>2019-12-03</a>,National League,HCFG,HCL,home,Regular Season,Christian Dubé,Sami Kapanen,,0,0,56.33,43.67,60,1,3,-2,51.8,1,3,-2,3,0,5.1,0,0,0,2,100,3.1,0,0,0,3.12,93.94,97.06,61,50,54.95,45,43,51.14,32,34,48.48,13,0,16,9,0,7,28,25,52.83,0,2,0,0,0,4,5701
<a href='https://www.sihf.ch/de/game-center/game/#/20201105000152' target='_blank'>2019-11-30</a>,National League,HCFG,LHC,home,Regular Season,Christian Dubé,Ville Peltonen,OT,2,0,58.57,41.43,61.5,3,2,1,54.1,2,2,0,2,50,2.6,1,0,1,3,100,4.8,0,0,0,12,93.1,105.1,56,49,53.33,41,38,51.9,25,29,46.3,16,0,15,9,0,11,28,33,45.9,0,3,1,0,1,31,6500
<a href='https://www.sihf.ch/de/game-center/game/#/20201105000145' target='_blank'>2019-11-29</a>,National League,HCFG,HCAP,away,Regular Season,Christian Dubé,Luca Cereda,,0,0,10.17,89.83,60,1,3,-2,50.9,1,3,-2,4,0,7.2,0,0,0,1,100,2,0,0,0,3.85,81.25,85.1,71,35,66.98,47,27,63.51,26,16,61.9,21,0,24,11,0,8,24,26,48,0,1,0,0,0,2,4639
<a href='https://www.sihf.ch/de/game-center/game/#/20201105000140' target='_blank'>2019-11-23</a>,National League,HCFG,SCB,home,Regular Season,Christian Dubé,Kari Jalonen,,3,92.81,7.19,0,60,5,1,4,51.3,4,1,3,2,0,2.7,0,0,0,3,100,6,1,0,1,15.38,97.06,112.44,45,64,41.28,36,49,42.35,27,34,44.26,8,1,9,15,0,15,26,34,43.33,0,3,0,0,0,6,6500
<a href='https://www.sihf.ch/de/game-center/game/#/20201105000136' target='_blank'>2019-11-22</a>,National League,HCFG,GSHC,away,Regular Season,Christian Dubé,Patrick Emond,OT,2,43.66,52.21,4.13,63.4,4,3,1,50.1,3,2,1,3,33.33,5.2,1,0,1,5,80,8.1,0,1,-1,20,91.43,111.43,40,70,36.36,33,56,37.08,20,35,36.36,13,0,7,21,0,14,20,36,35.71,0,5,0,0,0,10,6429
<a href='https://www.sihf.ch/de/game-center/game/#/20201105000131' target='_blank'>2019-11-16</a>,National League,HCFG,SCRJ,away,Regular Season,Christian Dubé,Jeff Tomlinson,,0,0,23.83,76.17,60,4,9,-5,52.3,4,6,-2,1,0,2,0,0,0,6,50,5.7,0,3,-3,13.79,76.92,90.72,49,68,41.88,42,54,43.75,29,39,42.65,13,0,7,14,1,14,32,41,43.84,0,5,0,0,0,10,3912
<a href='https://www.sihf.ch/de/game-center/game/#/20201105000121' target='_blank'>2019-11-15</a>,National League,HCFG,HCAP,home,Regular Season,Christian Dubé,Luca Cereda,,3,96.39,3.61,0,60,4,2,2,45.1,3,2,1,6,16.67,10.9,1,0,1,2,100,4,0,0,0,6.82,92,98.82,71,40,63.96,61,30,67.03,45,25,64.29,16,0,10,4,1,10,31,24,56.36,0,2,0,1,0,14,6260
<a href='https://www.sihf.ch/de/game-center/game/#/20201105000118' target='_blank'>2019-11-12</a>,National League,HCFG,GSHC,home,Regular Season,Christian Dubé,Patrick Emond,OT,2,31.4,68.6,0,63.6,2,1,1,53.7,2,0,2,4,0,6.4,0,0,0,3,66.67,3.4,0,1,-1,6.67,96.97,103.64,56,55,50.45,50,45,52.63,30,33,47.62,19,1,6,12,0,10,0,0,,0,3,0,0,0,6,5755
<a href='https://www.sihf.ch/de/game-center/game/#/20201105000114' target='_blank'>2019-11-01</a>,National League,HCFG,EVZ,away,Regular Season,Christian Dubé,Dan Tangnes,,3,12.67,87.33,0,60,4,0,4,46.6,3,0,3,4,25,4,1,0,1,5,100,9.4,0,0,0,14.29,100,114.29,38,71,34.86,29,55,34.52,22,38,36.67,7,0,9,16,1,16,30,32,48.39,0,5,0,0,0,10,7200
<a href='https://www.sihf.ch/de/game-center/game/#/20201105000103' target='_blank'>2019-10-29</a>,National League,HCFG,SCB,away,Regular Season,Christian Dubé,Kari Jalonen,,3,90.69,9.31,0,60,2,1,1,54,2,1,1,1,0,2,0,0,0,2,100,4,0,0,0,9.09,96.97,106.06,57,67,45.97,40,46,46.51,22,33,40,18,0,17,12,1,21,18,24,42.86,0,2,0,0,0,4,16768
<a href='https://www.sihf.ch/de/game-center/game/#/20201105000099' target='_blank'>2019-10-26</a>,National League,HCFG,LHC,home,Regular Season,Christian Dubé,Ville Peltonen,,3,72.22,27.78,0,60,3,2,1,44.4,2,1,1,5,20,9.7,1,0,1,3,66.67,5.9,0,1,-1,11.54,91.3,102.84,45,52,46.39,34,39,46.58,26,23,53.06,7,1,11,16,0,13,35,34,50.72,0,4,0,0,0,8,6403
<a href='https://www.sihf.ch/de/game-center/game/#/20201105000092' target='_blank'>2019-10-25</a>,National League,HCFG,HCD,away,Regular Season,Christian Dubé,Christian Wohlwend,,0,14.78,47.44,37.78,60,1,3,-2,55.5,1,2,-1,1,0,2,0,0,0,2,50,2.5,0,1,-1,3.45,89.66,93.1,50,59,45.87,42,48,46.67,29,29,50,13,0,8,18,1,11,27,30,47.37,0,2,0,0,0,4,3717
<a href='https://www.sihf.ch/de/game-center/game/#/20201105000086' target='_blank'>2019-10-22</a>,National League,HCFG,SCLT,home,Regular Season,Christian Dubé,Heinz Ehlers,,0,0,89.94,10.06,60,0,1,-1,50.4,0,1,-1,4,0,7.7,0,0,0,1,100,2,0,0,0,0,94.74,94.74,66,45,59.46,50,35,58.82,38,19,66.67,12,0,16,16,0,10,23,24,48.94,0,1,0,1,0,12,5853
<a href='https://www.sihf.ch/de/game-center/game/#/20201105000081' target='_blank'>2019-10-18</a>,National League,HCFG,ZSC,home,Regular Season,Christian Dubé,Rikard Grönborg,,0,0,2.89,97.11,60,2,4,-2,52.6,1,4,-3,1,0,2,0,0,0,3,100,5.4,1,0,1,9.09,86.67,95.76,55,54,50.46,38,37,50.67,22,30,42.31,16,0,17,5,2,17,31,17,64.58,0,3,0,0,0,6,6036
<a href='https://www.sihf.ch/de/game-center/game/#/20201105000021' target='_blank'>2019-10-15</a>,National League,HCFG,HCD,home,Regular Season,Christian Dubé,Christian Wohlwend,,3,82.58,17.42,0,60,4,2,2,44.5,2,2,0,5,40,6.7,2,0,2,5,100,8.8,0,0,0,8.82,95.35,104.17,52,63,45.22,40,50,44.44,35,43,44.87,5,0,12,7,0,13,26,41,38.81,0,5,0,0,0,10,5538
<a href='https://www.sihf.ch/de/game-center/game/#/20201105000076' target='_blank'>2019-10-12</a>,National League,HCFG,HCL,away,Regular Season,Christian Dubé,Sami Kapanen,,3,84.25,15.75,0,60,4,1,3,52.8,3,1,2,3,33.33,2.7,1,0,1,3,100,4.5,0,0,0,11.54,95.65,107.19,50,65,43.48,46,34,57.5,27,23,54,16,3,4,11,0,31,25,32,43.86,0,3,0,0,0,6,6039
<a href='https://www.sihf.ch/de/game-center/game/#/20201105000068' target='_blank'>2019-10-11</a>,National League,HCFG,EHCB,home,Regular Season,Christian Dubé,Antti Törmänen,,0,0,21.92,78.08,60,1,4,-3,50.9,0,3,-3,4,25,6.5,1,0,1,2,50,2.5,0,1,-1,3.57,91.43,95,63,55,53.39,42,46,47.73,28,36,43.75,14,0,21,10,0,9,25,23,52.08,0,2,0,0,0,4,5894
<a href='https://www.sihf.ch/de/game-center/game/#/20201105000061' target='_blank'>2019-10-05</a>,National League,HCFG,SCRJ,home,Regular Season,Christian Dubé,Jeff Tomlinson,,3,96.72,3.28,0,60,4,1,3,46.1,3,0,3,4,25,6.5,1,0,1,5,80,7.4,0,1,-1,11.11,96,107.11,59,38,60.82,48,31,60.76,36,25,59.02,10,2,11,6,0,7,25,40,38.46,0,5,0,0,0,10,6009
<a href='https://www.sihf.ch/de/game-center/game/#/20201105000055' target='_blank'>2019-10-04</a>,National League,HCFG,HCAP,away,Regular Season,Mark French,Luca Cereda,,0,0,30.86,69.14,60,0,4,-4,42.7,0,2,-2,5,0,9.7,0,1,-1,4,75,7.7,0,1,-1,0,93.02,93.02,47,72,39.5,32,64,33.33,21,44,32.31,11,0,15,20,0,8,32,32,50,0,4,0,0,0,8,4606
<a href='https://www.sihf.ch/de/game-center/game/#/20201105000050' target='_blank'>2019-10-01</a>,National League,HCFG,SCB,home,Regular Season,Mark French,Kari Jalonen,,0,0,42.83,57.17,60,1,3,-2,51.9,1,2,-1,2,0,2.1,0,0,0,3,66.67,5.9,0,1,-1,3.12,93.55,96.67,67,53,55.83,43,42,50.59,32,32,50,10,1,24,8,2,11,36,31,53.73,0,3,0,0,0,6,6500
<a href='https://www.sihf.ch/de/game-center/game/#/20201105000044' target='_blank'>2019-09-28</a>,National League,HCFG,GSHC,away,Regular Season,Mark French,Patrick Emond,OT,2,21.98,73.22,4.8,64.9,3,2,1,50.4,3,0,3,4,0,8.3,0,0,0,5,60,6.3,0,2,-2,10,92.59,102.59,55,55,50,46,43,51.69,30,27,52.63,16,0,9,16,0,12,31,34,47.69,0,5,0,0,0,10,6047
<a href='https://www.sihf.ch/de/game-center/game/#/20201105000036' target='_blank'>2019-09-24</a>,National League,HCFG,ZSC,away,Regular Season,Mark French,Rikard Grönborg,,0,0,15.47,84.53,60,1,4,-3,50.9,0,3,-3,1,100,0.2,1,0,1,6,83.33,8.9,0,1,-1,3.85,91.11,94.96,60,68,46.88,47,55,46.08,26,45,36.62,21,0,13,10,0,13,31,29,51.67,0,6,0,0,0,12,8089
<a href='https://www.sihf.ch/de/game-center/game/#/20201105000017' target='_blank'>2019-09-17</a>,National League,HCFG,SCLT,away,Regular Season,Mark French,Heinz Ehlers,,0,33.78,42.72,23.5,60,2,3,-1,41.3,1,1,0,6,16.67,9.8,1,1,0,5,80,8.8,0,1,-1,6.25,90,96.25,65,54,54.62,55,43,56.12,32,30,51.61,23,0,10,11,2,11,25,23,52.08,0,6,0,0,0,12,5335
<a href='https://www.sihf.ch/de/game-center/game/#/20201105000003' target='_blank'>2019-09-13</a>,National League,HCFG,EHCB,away,Regular Season,Mark French,Antti Törmänen,,0,0,57.67,42.33,60,1,3,-2,48,1,3,-2,4,0,4,0,0,0,5,100,8,0,0,0,3.7,93.33,97.04,62,51,54.87,43,46,48.31,27,31,46.55,16,0,19,15,0,5,24,25,48.98,0,6,0,0,0,12,6135
<a href='https://www.sihf.ch/de/game-center/game/#/20191105000311' target='_blank'>2019-03-23</a>,National League,HCFG,ZSC,home,Playout,Mark French,Arno Del Curto,,3,94.17,5.83,0,60,5,2,3,53.9,5,1,4,1,0,2,0,0,0,3,66.67,4.1,0,1,-1,18.52,91.67,110.19,59,44,57.28,44,32,57.89,27,24,52.94,15,2,15,7,1,12,24,20,54.55,0,3,0,0,0,6,3469
<a href='https://www.sihf.ch/de/game-center/game/#/20191105000310' target='_blank'>2019-03-21</a>,National League,HCFG,HCD,away,Playout,Mark French,Harijs Vitolinsh,,3,27.72,72.28,0,60,2,1,1,50.4,1,0,1,3,33.33,4.8,1,0,1,3,66.67,4.8,0,1,-1,7.69,96,103.69,51,44,53.68,35,34,50.72,26,25,50.98,9,0,16,8,1,10,23,24,48.94,0,4,0,0,0,8,2771
<a href='https://www.sihf.ch/de/game-center/game/#/20191105000308' target='_blank'>2019-03-19</a>,National League,HCFG,SCRJ,away,Playout,Mark French,Jeff Tomlinson,,3,20.78,39,40.22,60,4,2,2,45.3,2,2,0,2,100,2.7,2,0,2,6,100,11.9,0,0,0,12.5,94.74,107.24,55,61,47.41,37,45,45.12,25,38,39.68,12,0,18,7,0,16,30,24,55.56,0,6,0,0,0,12,2926
<a href='https://www.sihf.ch/de/game-center/game/#/20191105000306' target='_blank'>2019-03-16</a>,National League,HCFG,SCRJ,home,Playout,Mark French,Jeff Tomlinson,,0,0,36.14,63.86,60,2,3,-1,46.8,1,1,0,5,20,8.1,1,1,0,3,66.67,5.1,0,1,-1,5.41,90,95.41,70,46,60.34,54,39,58.06,37,30,55.22,15,2,16,9,0,7,25,28,47.17,0,3,0,0,0,6,3003
<a href='https://www.sihf.ch/de/game-center/game/#/20191105000304' target='_blank'>2019-03-14</a>,National League,HCFG,HCD,home,Playout,Mark French,Harijs Vitolinsh,,3,69.28,30.72,0,60,7,3,4,53.1,6,2,4,1,0,1.4,0,0,0,5,80,5.5,1,1,0,23.33,83.33,106.67,48,36,57.14,38,29,56.72,30,18,62.5,5,3,10,11,0,7,26,25,50.98,0,4,0,0,0,8,2669
<a href='https://www.sihf.ch/de/game-center/game/#/20191105000301' target='_blank'>2019-03-09</a>,National League,HCFG,ZSC,away,Playout,Mark French,Arno Del Curto,SO,1,30.79,69.21,0,65,1,2,-1,50,1,1,0,2,0,4,0,0,0,6,100,11,0,0,0,4.17,97.83,101.99,53,82,39.26,41,60,40.59,24,46,34.29,17,0,12,14,0,22,35,26,57.38,0,6,0,0,0,12,8749
<a href='https://www.sihf.ch/de/game-center/game/#/20191105000300' target='_blank'>2019-03-04</a>,National League,HCFG,EVZ,away,Regular Season,Mark French,Dan Tangnes,SO,2,43.23,56.77,0,65,3,2,1,46.5,2,2,0,5,0,9.3,0,0,0,5,100,9.3,0,0,0,5.41,90.48,95.88,69,46,60,54,38,58.7,37,21,63.79,17,0,15,17,0,8,28,26,51.85,0,8,0,0,0,16,6650
<a href='https://www.sihf.ch/de/game-center/game/#/20191105000291' target='_blank'>2019-03-02</a>,National League,HCFG,LHC,away,Regular Season,Mark French,Ville Peltonen,SO,1,0,21.97,78.03,65,3,4,-1,50.7,0,2,-2,5,60,7.3,3,0,3,4,75,7,0,1,-1,7.69,88.89,96.58,86,44,66.15,61,41,59.8,39,27,59.09,22,0,25,14,0,3,36,30,54.55,0,4,0,0,0,8,6700
<a href='https://www.sihf.ch/de/game-center/game/#/20191105000286' target='_blank'>2019-03-01</a>,National League,HCFG,GSHC,home,Regular Season,Mark French,Chris McSorley,,0,0,31.56,68.44,60,2,3,-1,46.7,1,2,-1,3,0,4.7,0,1,-1,5,100,8.7,1,0,1,6.45,91.67,98.12,54,65,45.38,47,52,47.47,31,36,46.27,16,0,7,16,0,13,34,35,49.28,0,7,0,0,0,14,6242
<a href='https://www.sihf.ch/de/game-center/game/#/20191105000279' target='_blank'>2019-02-26</a>,National League,HCFG,HCL,home,Regular Season,Mark French,Greg Ireland,,0,0,22.47,77.53,60,1,3,-2,46.3,0,3,-3,6,16.67,6.7,1,0,1,4,100,7,0,0,0,2.7,88,90.7,62,45,57.94,47,37,55.95,37,25,59.68,10,0,15,11,1,8,30,28,51.72,0,6,0,0,0,12,6033
<a href='https://www.sihf.ch/de/game-center/game/#/20191105000275' target='_blank'>2019-02-23</a>,National League,HCFG,SCLT,away,Regular Season,Mark French,Heinz Ehlers,,3,3.72,96.28,0,60,1,0,1,52,1,0,1,2,0,4,0,0,0,2,100,4,0,0,0,4.35,100,104.35,48,75,39.02,38,53,41.76,23,33,41.07,15,0,10,20,0,22,20,27,42.55,0,2,0,0,0,4,6000
<a href='https://www.sihf.ch/de/game-center/game/#/20191105000267' target='_blank'>2019-02-22</a>,National League,HCFG,HCAP,home,Regular Season,Mark French,Luca Cereda,,3,89.61,10.39,0,60,3,1,2,47,3,0,3,5,0,10,0,0,0,3,66.67,3,0,1,-1,6.45,95,101.45,59,46,56.19,39,27,59.09,32,20,61.54,5,2,20,7,0,19,34,22,60.71,0,3,0,0,0,6,6500
<a href='https://www.sihf.ch/de/game-center/game/#/20191105000260' target='_blank'>2019-02-16</a>,National League,HCFG,EHCB,home,Regular Season,Mark French,Antti Törmänen,,3,80.78,19.22,0,60,3,2,1,42,3,2,1,5,0,10,0,0,0,4,100,8,0,0,0,6.98,91.3,98.28,70,51,57.85,55,38,59.14,43,23,65.15,12,0,15,14,1,13,35,13,72.92,0,5,0,0,0,10,6169
<a href='https://www.sihf.ch/de/game-center/game/#/20191105000257' target='_blank'>2019-02-15</a>,National League,HCFG,LHC,away,Regular Season,Mark French,Ville Peltonen,,0,0,60.75,39.25,60,0,3,-3,48.1,0,2,-2,2,0,4,0,0,0,4,75,7.9,0,1,-1,0,94.74,94.74,52,63,45.22,33,55,37.5,18,39,31.58,14,1,19,15,1,8,34,18,65.38,0,5,0,0,0,10,6700
<a href='https://www.sihf.ch/de/game-center/game/#/20191105000165' target='_blank'>2019-02-10</a>,National League,HCFG,SCRJ,home,Regular Season,Mark French,Jeff Tomlinson,,0,0,23.47,76.53,60,1,4,-3,51.5,1,3,-2,3,0,6,0,0,0,2,50,2.5,0,1,-1,2.86,87.5,90.36,69,48,58.97,50,37,57.47,35,25,58.33,15,0,19,12,0,11,34,21,61.82,0,3,0,1,0,16,6500
<a href='https://www.sihf.ch/de/game-center/game/#/20191105000157' target='_blank'>2019-02-08</a>,National League,HCFG,SCB,away,Regular Season,Mark French,Kari Jalonen,,3,73.03,26.97,0,60,4,1,3,49.2,2,1,1,4,50,5,2,0,2,3,100,5.8,0,0,0,14.81,96.77,111.59,59,65,47.58,45,48,48.39,27,31,46.55,17,1,14,15,2,17,25,28,47.17,0,3,0,0,0,6,16783
<a href='https://www.sihf.ch/de/game-center/game/#/20191105000242' target='_blank'>2019-02-02</a>,National League,HCFG,HCD,away,Regular Season,Mark French,Harijs Vitolinsh,,3,55.72,44.28,0,60,2,1,1,44.6,2,0,2,3,0,6,0,0,0,6,83.33,9.4,0,1,-1,7.69,96.55,104.24,57,51,52.78,38,40,48.72,26,29,47.27,12,0,19,11,0,11,32,25,56.14,0,8,0,0,0,16,4335
<a href='https://www.sihf.ch/de/game-center/game/#/20191105000249' target='_blank'>2019-02-01</a>,National League,HCFG,GSHC,home,Regular Season,Mark French,Chris McSorley,,3,24.89,25.69,49.42,60,5,3,2,44.8,4,1,3,4,0,8,0,0,0,4,50,7.2,1,2,-1,20.83,91.43,112.26,51,53,49.04,39,41,48.75,24,35,40.68,15,0,12,6,0,12,31,22,58.49,0,4,0,0,0,8,5903
<a href='https://www.sihf.ch/de/game-center/game/#/20191105000237' target='_blank'>2019-01-26</a>,National League,HCFG,SCB,home,Regular Season,Mark French,Kari Jalonen,,0,0,11.83,88.17,60,0,2,-2,52,0,2,-2,1,0,2,0,0,0,3,100,6,0,0,0,0,96,96,87,41,67.97,57,33,63.33,42,26,61.76,13,2,30,7,0,8,32,27,54.24,0,4,0,0,0,8,6500
<a href='https://www.sihf.ch/de/game-center/game/#/20191105000232' target='_blank'>2019-01-24</a>,National League,HCFG,SCRJ,away,Regular Season,Mark French,Jeff Tomlinson,,0,0,51.39,48.61,60,0,3,-3,51.4,0,2,-2,3,0,6,0,1,-1,2,100,2.6,0,0,0,0,91.67,91.67,71,43,62.28,52,34,60.47,28,25,52.83,24,0,19,9,0,9,32,20,61.54,0,2,0,0,0,4,3676
<a href='https://www.sihf.ch/de/game-center/game/#/20191105000225' target='_blank'>2019-01-22</a>,National League,HCFG,ZSC,home,Regular Season,Mark French,Arno Del Curto,,3,95.03,4.97,0,60,7,2,5,47.5,5,1,4,5,40,8.6,2,0,2,3,66.67,3.9,0,1,-1,24.14,94.59,118.73,55,60,47.83,41,47,46.59,29,37,43.94,12,0,14,10,0,13,33,26,55.93,0,3,0,0,0,6,5527
<a href='https://www.sihf.ch/de/game-center/game/#/20191105000219' target='_blank'>2019-01-19</a>,National League,HCFG,EVZ,home,Regular Season,Mark French,Dan Tangnes,,0,0,10.25,89.75,60,0,3,-3,47.2,0,1,-1,4,0,8,0,1,-1,3,66.67,4.8,0,1,-1,0,90,90,64,37,63.37,49,27,64.47,27,21,56.25,22,0,15,6,0,10,35,13,72.92,0,6,0,0,0,12,6052
<a href='https://www.sihf.ch/de/game-center/game/#/20191105000214' target='_blank'>2019-01-18</a>,National League,HCFG,HCL,away,Regular Season,Mark French,Greg Ireland,,0,47.33,31.83,20.83,60,2,3,-1,55.4,1,3,-2,2,50,2.6,1,0,1,1,100,2,0,0,0,6.25,85,91.25,76,44,63.33,54,31,63.53,32,20,61.54,22,0,22,11,0,13,34,23,59.65,0,3,0,0,0,6,6213
<a href='https://www.sihf.ch/de/game-center/game/#/20191105000199' target='_blank'>2019-01-13</a>,National League,HCFG,HCAP,away,Regular Season,Mark French,Luca Cereda,,3,57.75,42.25,0,60,5,2,3,47.3,5,1,4,2,0,4,0,0,0,5,80,8.7,0,1,-1,14.29,94.12,108.4,46,67,40.71,37,51,42.05,29,34,46.03,8,0,9,16,1,16,31,34,47.69,0,6,0,0,0,12,6359
<a href='https://www.sihf.ch/de/game-center/game/#/20191105000207' target='_blank'>2019-01-12</a>,National League,HCFG,SCLT,home,Regular Season,Mark French,Heinz Ehlers,,0,0,14.22,85.78,60,1,3,-2,57.9,0,3,-3,2,50,2.1,1,0,1,0,,0,0,0,0,2.78,88.24,91.01,62,42,59.62,45,35,56.25,36,18,66.67,8,1,17,17,0,7,29,23,55.77,0,0,0,0,0,0,6236
<a href='https://www.sihf.ch/de/game-center/game/#/20191105000195' target='_blank'>2019-01-05</a>,National League,HCFG,EHCB,away,Regular Season,Mark French,Antti Törmänen,,3,43.58,15.14,41.28,60,3,1,2,45.8,3,1,2,4,0,7.3,0,0,0,4,100,6.9,0,0,0,12.5,96.15,108.65,61,57,51.69,43,39,52.44,24,26,48,18,1,18,11,2,18,30,26,53.57,0,4,0,0,0,8,6521
<a href='https://www.sihf.ch/de/game-center/game/#/20191105000188' target='_blank'>2019-01-04</a>,National League,HCFG,LHC,home,Regular Season,Mark French,Ville Peltonen,OT,2,4.8,95.2,0,62.9,3,2,1,55,3,1,2,1,0,2,0,0,0,3,66.67,5.9,0,1,-1,12,90.91,102.91,55,51,51.89,40,37,51.95,25,22,53.19,15,0,15,15,0,14,27,20,57.45,0,4,0,1,0,18,6500
<a href='https://www.sihf.ch/de/game-center/game/#/20191105000174' target='_blank'>2018-12-23</a>,National League,HCFG,ZSC,away,Regular Season,Mark French,Serge Aubin,OT,1,20.42,65.26,14.32,62,2,3,-1,42.3,1,1,0,5,20,9.1,1,0,1,6,66.67,10.7,0,2,-2,6.06,90.91,96.97,69,57,54.76,47,48,49.47,33,33,50,14,0,22,15,0,9,39,36,52,0,6,0,0,0,12,11200
<a href='https://www.sihf.ch/de/game-center/game/#/20191105000177' target='_blank'>2018-12-22</a>,National League,HCFG,HCD,home,Regular Season,Mark French,Harijs Vitolinsh,,0,26.25,19.94,53.81,60,2,3,-1,43,2,1,1,4,0,8,0,0,0,5,60,9,0,2,-2,8.33,83.33,91.67,64,34,65.31,45,28,61.64,24,18,57.14,21,0,19,10,0,6,31,17,64.58,1,3,1,0,1,31,6500
<a href='https://www.sihf.ch/de/game-center/game/#/20191105000153' target='_blank'>2018-12-08</a>,National League,HCFG,EHCB,away,Regular Season,Mark French,Antti Törmänen,,3,78.19,21.81,0,60,4,1,3,49.5,4,0,4,2,0,4,0,0,0,4,75,6.5,0,1,-1,20,97.56,117.56,38,74,33.93,27,56,32.53,20,41,32.79,7,0,11,13,2,18,22,24,47.83,0,6,0,0,0,12,6448
<a href='https://www.sihf.ch/de/game-center/game/#/20191105000146' target='_blank'>2018-12-07</a>,National League,HCFG,EHCB,home,Regular Season,Mark French,Antti Törmänen,,0,0,4.89,95.11,60,0,4,-4,51.2,0,2,-2,2,0,3.4,0,0,0,4,50,5.3,0,2,-2,0,84.62,84.62,72,45,61.54,50,34,59.52,23,26,46.94,25,2,22,7,1,11,34,24,58.62,0,5,0,0,0,10,6164
<a href='https://www.sihf.ch/de/game-center/game/#/20191105000114' target='_blank'>2018-12-04</a>,National League,HCFG,ZSC,away,Regular Season,Mark French,Serge Aubin,,0,0,10.44,89.56,60,1,3,-2,44.1,0,2,-2,7,14.29,9.9,1,1,0,3,100,6,0,0,0,3.85,92.59,96.44,51,54,48.57,38,37,50.67,26,28,48.15,11,1,13,9,0,17,32,32,50,0,6,0,1,0,22,8204
<a href='https://www.sihf.ch/de/game-center/game/#/20191105000139' target='_blank'>2018-12-01</a>,National League,HCFG,HCAP,away,Regular Season,Mark French,Luca Cereda,,0,0,43.67,56.33,60,1,2,-1,48,1,2,-1,3,0,6,0,0,0,3,100,6,0,0,0,3.45,90.48,93.92,60,35,63.16,45,32,58.44,29,21,58,15,1,15,11,0,3,41,27,60.29,0,3,0,0,0,6,5487
<a href='https://www.sihf.ch/de/game-center/game/#/20191105000134' target='_blank'>2018-11-30</a>,National League,HCFG,LHC,home,Regular Season,Mark French,Ville Peltonen,,3,90.92,9.08,0,60,5,2,3,54,3,1,2,4,50,5.6,2,0,2,1,0,0.4,0,1,-1,15.15,91.3,106.46,62,48,56.36,46,34,57.5,33,23,58.93,11,2,16,10,1,14,35,26,57.38,0,2,0,0,0,4,6172
<a href='https://www.sihf.ch/de/game-center/game/#/20191105000130' target='_blank'>2018-11-24</a>,National League,HCFG,GSHC,home,Regular Season,Mark French,Chris McSorley,,0,0,27.11,72.89,60,3,5,-2,46.9,3,4,-1,8,0,8.6,0,1,-1,4,100,4.6,0,0,0,10.34,76.47,86.82,44,37,54.32,40,28,58.82,29,18,61.7,11,0,4,10,0,9,37,30,55.22,0,6,1,0,1,37,6245
<a href='https://www.sihf.ch/de/game-center/game/#/20191105000124' target='_blank'>2018-11-23</a>,National League,HCFG,HCL,away,Regular Season,Mark French,Greg Ireland,,0,0,13.08,86.92,60,0,6,-6,53.2,0,5,-5,3,0,4.6,0,0,0,2,50,2.2,0,1,-1,0,80.65,80.65,46,57,44.66,32,41,43.84,13,31,29.55,19,0,14,9,1,16,32,18,64,0,3,0,0,0,6,6047
<a href='https://www.sihf.ch/de/game-center/game/#/20191105000183' target='_blank'>2018-11-20</a>,National League,HCFG,GSHC,away,Regular Season,Mark French,Chris McSorley,,0,0,17.22,82.78,60,0,5,-5,40.1,0,1,-1,3,0,6,0,0,0,8,50,13.9,0,4,-4,0,86.11,86.11,41,76,35.04,32,57,35.96,19,36,34.55,12,1,9,20,1,19,25,31,44.64,0,8,1,1,1,51,5630
<a href='https://www.sihf.ch/de/game-center/game/#/20191105000117' target='_blank'>2018-11-17</a>,National League,HCFG,SCLT,home,Regular Season,Mark French,Heinz Ehlers,,3,67.25,32.75,0,60,10,3,7,49.2,7,2,5,9,33.33,7.8,3,0,3,5,80,3,0,1,-1,29.41,89.29,118.7,57,61,48.31,41,51,44.57,34,28,54.84,7,0,16,23,0,10,35,26,57.38,0,8,0,0,0,16,6500
<a href='https://www.sihf.ch/de/game-center/game/#/20191105000106' target='_blank'>2018-11-13</a>,National League,HCFG,HCD,home,Regular Season,Mark French,Arno Del Curto,,3,98.25,1.75,0,60,6,1,5,52,6,1,5,3,0,6,0,0,0,1,100,2,0,0,0,17.65,95,112.65,46,36,56.1,38,30,55.88,34,20,62.96,2,2,8,10,0,6,39,20,66.1,0,3,0,0,0,6,5494
<a href='https://www.sihf.ch/de/game-center/game/#/20191105000099' target='_blank'>2018-11-03</a>,National League,HCFG,SCRJ,away,Regular Season,Mark French,Jeff Tomlinson,,3,48.42,51.58,0,60,4,1,3,47.4,3,0,3,3,0,4.8,0,0,0,4,75,7.8,1,1,0,8.11,96.55,104.66,60,51,54.05,48,38,55.81,38,29,56.72,10,0,12,9,0,13,32,26,55.17,0,4,0,0,0,8,3901
<a href='https://www.sihf.ch/de/game-center/game/#/20191105000090' target='_blank'>2018-10-30</a>,National League,HCFG,EVZ,away,Regular Season,Mark French,Dan Tangnes,,3,69.56,10.86,19.58,60,4,1,3,54,4,1,3,2,0,4,0,0,0,1,100,2,0,0,0,9.38,96.55,105.93,55,66,45.45,47,45,51.09,33,29,53.23,14,0,8,14,2,21,21,30,41.18,0,1,0,0,0,2,6712
<a href='https://www.sihf.ch/de/game-center/game/#/20191105000081' target='_blank'>2018-10-27</a>,National League,HCFG,SCB,home,Regular Season,Mark French,Kari Jalonen,,3,48.75,51.25,0,60,3,0,3,42.1,3,0,3,3,0,5.4,0,0,0,7,100,12.5,0,0,0,11.54,100,111.54,52,72,41.94,44,50,46.81,26,36,41.94,15,3,8,14,0,22,30,27,52.63,0,7,0,1,0,24,6345
<a href='https://www.sihf.ch/de/game-center/game/#/20191105000073' target='_blank'>2018-10-26</a>,National League,HCFG,SCB,away,Regular Season,Mark French,Kari Jalonen,,0,0,18.61,81.39,60,2,6,-4,43,2,2,0,4,0,6.8,0,0,0,6,33.33,10.3,0,4,-4,10.53,83.33,93.86,43,65,39.81,30,51,37.04,19,36,34.55,11,0,13,15,0,14,27,31,46.55,0,6,0,0,0,12,16475
<a href='https://www.sihf.ch/de/game-center/game/#/20191105000068' target='_blank'>2018-10-23</a>,National League,HCFG,HCAP,home,Regular Season,Mark French,Luca Cereda,OT,2,0,57.57,42.43,64.1,3,2,1,57.3,0,2,-2,3,100,2.8,3,0,3,2,100,4,0,0,0,8.57,92.31,100.88,67,50,57.26,45,39,53.57,35,26,57.38,9,1,22,11,2,11,32,24,57.14,0,2,0,0,0,4,6150
<a href='https://www.sihf.ch/de/game-center/game/#/20191105000065' target='_blank'>2018-10-19</a>,National League,HCFG,LHC,away,Regular Season,Mark French,Ville Peltonen,,0,0,47.44,52.56,60,1,4,-3,53.8,1,3,-2,2,0,4,0,0,0,2,50,2.2,0,1,-1,2.78,87.5,90.28,67,50,57.26,55,38,59.14,36,25,59.02,18,1,12,13,0,12,35,23,60.34,1,2,0,0,0,4,6700
<a href='https://www.sihf.ch/de/game-center/game/#/20191105000094' target='_blank'>2018-10-16</a>,National League,HCFG,EHCB,home,Regular Season,Mark French,Antti Törmänen,,3,84.81,15.19,0,60,3,0,3,46.4,2,0,2,5,20,9.6,1,0,1,2,100,4,0,0,0,10.53,100,110.53,45,60,42.86,38,49,43.68,20,30,40,17,1,7,17,2,11,36,19,65.45,0,6,0,0,0,12,5750
<a href='https://www.sihf.ch/de/game-center/game/#/20191105000056' target='_blank'>2018-10-13</a>,National League,HCFG,GSHC,away,Regular Season,Mark French,Chris McSorley,,0,0,35.5,64.5,60,1,2,-1,48.9,1,0,1,2,0,4,0,0,0,5,60,7.1,0,2,-2,4,91.3,95.3,48,43,52.75,39,36,52,25,23,52.08,14,0,9,13,0,7,24,25,48.98,0,6,0,0,0,12,6703
<a href='https://www.sihf.ch/de/game-center/game/#/20191105000052' target='_blank'>2018-10-12</a>,National League,HCFG,HCL,home,Regular Season,Mark French,Greg Ireland,,3,26.5,59.42,14.08,60,2,1,1,48.9,1,1,0,3,33.33,5.2,1,0,1,3,100,6,0,0,0,6.25,95.24,101.49,55,43,56.12,46,32,58.97,32,21,60.38,13,1,9,11,0,11,28,20,58.33,0,3,0,1,0,16,5707
<a href='https://www.sihf.ch/de/game-center/game/#/20191105000047' target='_blank'>2018-10-06</a>,National League,HCFG,SCLT,away,Regular Season,Mark French,Heinz Ehlers,,3,6.28,93.72,0,60,2,0,2,47.5,1,0,1,3,33.33,4.6,1,0,1,4,100,8,0,0,0,2.7,100,102.7,59,54,52.21,52,37,58.43,38,26,59.38,12,2,7,10,1,17,35,26,57.38,1,6,0,1,0,22,5704
<a href='https://www.sihf.ch/de/game-center/game/#/20191105000039' target='_blank'>2018-10-05</a>,National League,HCFG,ZSC,home,Regular Season,Mark French,Serge Aubin,,0,0,4.83,95.17,60,1,2,-1,53.8,1,1,0,3,0,6,0,0,0,1,0,0.2,0,1,-1,2.94,93.1,96.04,64,41,60.95,48,35,57.83,34,29,53.97,14,0,16,6,0,6,22,31,41.51,0,1,0,0,0,2,5599
<a href='https://www.sihf.ch/de/game-center/game/#/20191105000031' target='_blank'>2018-10-02</a>,National League,HCFG,HCD,away,Regular Season,Mark French,Arno Del Curto,,3,98.28,1.72,0,60,5,2,3,53.3,4,0,4,1,100,1.2,1,0,1,4,50,5.5,0,2,-2,17.86,94.74,112.59,61,65,48.41,48,48,50,28,38,42.42,20,0,13,10,0,17,23,25,47.92,0,4,0,0,0,8,3856
<a href='https://www.sihf.ch/de/game-center/game/#/20191105000028' target='_blank'>2018-09-29</a>,National League,HCFG,SCRJ,home,Regular Season,Mark French,Jeff Tomlinson,,3,70.94,29.06,0,60,3,2,1,53,2,2,0,1,100,1,1,0,1,3,100,6,0,0,0,8.57,92.59,101.16,56,49,53.33,45,39,53.57,35,27,56.45,10,0,11,11,1,10,39,30,56.52,0,3,0,0,0,6,5570
<a href='https://www.sihf.ch/de/game-center/game/#/20191105000019' target='_blank'>2018-09-28</a>,National League,HCFG,EHCB,away,Regular Season,Mark French,Antti Törmänen,,3,25.67,32.92,41.42,60,3,2,1,45.5,3,2,1,2,0,2.5,0,0,0,6,100,12,0,0,0,12,94.44,106.44,51,65,43.97,38,47,44.71,25,36,40.98,13,0,13,10,1,18,30,19,61.22,0,7,0,0,0,14,5710
<a href='https://www.sihf.ch/de/game-center/game/#/20191105000016' target='_blank'>2018-09-25</a>,National League,HCFG,EVZ,home,Regular Season,Mark French,Dan Tangnes,,0,0,12.42,87.58,60,3,6,-3,50,3,4,-1,3,0,6,0,0,0,4,50,4,0,2,-2,9.38,78.26,87.64,72,40,64.29,50,34,59.52,32,24,57.14,17,1,22,10,0,6,29,18,61.7,0,3,0,0,0,6,5402
<a href='https://www.sihf.ch/de/game-center/game/#/20191105000009' target='_blank'>2018-09-22</a>,National League,HCFG,GSHC,away,Regular Season,Mark French,Chris McSorley,,0,0,25.61,74.39,60,1,3,-2,49,1,2,-1,4,0,7,0,0,0,5,80,4,0,1,-1,4,92.31,96.31,52,45,53.61,40,40,50,25,27,48.08,15,0,12,13,0,5,37,21,63.79,0,7,0,0,0,14,6107
<a href='https://www.sihf.ch/de/game-center/game/#/20191105000003' target='_blank'>2018-09-21</a>,National League,HCFG,LHC,home,Regular Season,Mark French,Ville Peltonen,,0,0,36.28,63.72,60,1,5,-4,39.8,1,3,-2,3,0,4.8,0,0,0,8,75,15.4,0,2,-2,4,88.24,92.24,49,54,47.57,35,46,43.21,25,35,41.67,10,0,14,9,2,8,32,35,47.76,0,7,1,0,1,39,6163
